uri,type,dc.id,collection,notation,prefLabel,altLabel,broader,broaderTransitive,broadMatch,changeNote,closeMatch,definition,editorialNote,exactMatch,example,hiddenLabel,historyNote,inScheme,mappingRelation,note,related,relatedMatch,scopeNote,semanticRelation,topConceptOf
colt:quartaireeenheid,skos:Collection,quartaireeenheid,,,Collectie van quartaireeenheid.,,,,,,,,,,,,,cs,quartaireeenheid,,,,,,
ct:!,skos:Concept,!,colt:quartaireeenheid,,Aanvulling,,,,,,,,,,,,,cs:quartaireeenheid,,,,,,,cs:quartaireeenheid
ct:$,skos:Concept,$,colt:quartaireeenheid,,Tertiair,,,,,,,,,,,,,cs:quartaireeenheid,,,,,,,cs:quartaireeenheid
ct:A,skos:Concept,A,colt:quartaireeenheid,,Zandig facies,,,,,,,,,,,,,cs:quartaireeenheid,,,,,,,cs:quartaireeenheid
ct:B,skos:Concept,B,colt:quartaireeenheid,,"Holoceen, Pleistoceen continentaal alluvium",,,,,,,,,,,,,cs:quartaireeenheid,,,,,,,cs:quartaireeenheid
ct:C,skos:Concept,C,colt:quartaireeenheid,,Eemiaan continentaal,,,,,,,,,,,,,cs:quartaireeenheid,,,,,,,cs:quartaireeenheid
ct:D,skos:Concept,D,colt:quartaireeenheid,,Weichseliaan  continentaal eolisch,,,,,,,,,,,,,cs:quartaireeenheid,,,,,,,cs:quartaireeenheid
ct:D1,skos:Concept,D1,colt:quartaireeenheid,,Zandige facies op kleiig facies,,,,,,,,,,,,,cs:quartaireeenheid,,,,,,,cs:quartaireeenheid
ct:E,skos:Concept,E,colt:quartaireeenheid,,"Eemiaan, marien",,,,,,,,,,,,,cs:quartaireeenheid,,,,,,,cs:quartaireeenheid
ct:F,skos:Concept,F,colt:quartaireeenheid,,"Weichseliaan, continentaal, fluviatiel, periglaciaal",,,,,,,,,,,,,cs:quartaireeenheid,,,,,,,cs:quartaireeenheid
ct:F',skos:Concept,F',colt:quartaireeenheid,,Niet gedifferentieerd facies,,,,,,,,,,,,,cs:quartaireeenheid,,,,,,,cs:quartaireeenheid
ct:F1,skos:Concept,F1,colt:quartaireeenheid,,"Weichseliaan, continentaal, fluviatiel, periglaciaal",,,,,,,,,,,,,cs:quartaireeenheid,,,,,,,cs:quartaireeenheid
ct:F2,skos:Concept,F2,colt:quartaireeenheid,,"Weichseliaan, continentaal, fluviatiel, periglaciaal",,,,,,,,,,,,,cs:quartaireeenheid,,,,,,,cs:quartaireeenheid
ct:F3,skos:Concept,F3,colt:quartaireeenheid,,"Weichseliaan, continentaal, fluviatiel, periglaciaal",,,,,,,,,,,,,cs:quartaireeenheid,,,,,,,cs:quartaireeenheid
ct:G,skos:Concept,G,colt:quartaireeenheid,,"Weichseliaan, continentaal, niveo-eolisch, fluviatiel",,,,,,,,,,,,,cs:quartaireeenheid,,,,,,,cs:quartaireeenheid
ct:Gb,skos:Concept,Gb,colt:quartaireeenheid,,Beekbodemgrind,,,,,,,,,,,,,cs:quartaireeenheid,,,,,,,cs:quartaireeenheid
ct:Gh,skos:Concept,Gh,colt:quartaireeenheid,,Hellingsgrind,,,,,,,,,,,,,cs:quartaireeenheid,,,,,,,cs:quartaireeenheid
ct:Gk,skos:Concept,Gk,colt:quartaireeenheid,,Grind,,,,,,,,,,,,,cs:quartaireeenheid,,,,,,,cs:quartaireeenheid
ct:Gt,skos:Concept,Gt,colt:quartaireeenheid,,Grind,,,,,,,,,,,,,cs:quartaireeenheid,,,,,,,cs:quartaireeenheid
ct:Gv,skos:Concept,Gv,colt:quartaireeenheid,,Valleibodemgrind,,,,,,,,,,,,,cs:quartaireeenheid,,,,,,,cs:quartaireeenheid
ct:H,skos:Concept,H,colt:quartaireeenheid,,Diachrone hellingsafzetting,,,,,,,,,,,,,cs:quartaireeenheid,,,,,,,cs:quartaireeenheid
ct:H',skos:Concept,H',colt:quartaireeenheid,,Niet gedifferentieerd grofkorrelig facies,,,,,,,,,,,,,cs:quartaireeenheid,,,,,,,cs:quartaireeenheid
ct:K,skos:Concept,K,colt:quartaireeenheid,,"Holoceen, continentaal alluvium",,,,,,,,,,,,,cs:quartaireeenheid,,,,,,,cs:quartaireeenheid
ct:K1,skos:Concept,K1,colt:quartaireeenheid,,"Holoceen, continentaal alluvium",,,,,,,,,,,,,cs:quartaireeenheid,,,,,,,cs:quartaireeenheid
ct:K2,skos:Concept,K2,colt:quartaireeenheid,,"Holoceen, continentaal alluvium",,,,,,,,,,,,,cs:quartaireeenheid,,,,,,,cs:quartaireeenheid
ct:M,skos:Concept,M,colt:quartaireeenheid,,"Holoceen, marien",,,,,,,,,,,,,cs:quartaireeenheid,,,,,,,cs:quartaireeenheid
ct:N,skos:Concept,N,colt:quartaireeenheid,,"Weichseliaan, continentaal, niveo-eolisch",,,,,,,,,,,,,cs:quartaireeenheid,,,,,,,cs:quartaireeenheid
ct:O,skos:Concept,O,colt:quartaireeenheid,,"Niet gedifferentieerd klastisch facies, veen, mogelijks kalkgyttja",,,,,,,,,,,,,cs:quartaireeenheid,,,,,,,cs:quartaireeenheid
ct:P,skos:Concept,P,colt:quartaireeenheid,,Dominant zandige facies,,,,,,,,,,,,,cs:quartaireeenheid,,,,,,,cs:quartaireeenheid
ct:Q,skos:Concept,Q,colt:quartaireeenheid,,Kwartair,,,,,,,,,,,,,cs:quartaireeenheid,,,,,,,cs:quartaireeenheid
ct:R,skos:Concept,R,colt:quartaireeenheid,,Diachroon,,,,,,,,,,,,,cs:quartaireeenheid,,,,,,,cs:quartaireeenheid
ct:Rb,skos:Concept,Rb,colt:quartaireeenheid,,Beekbodemgrind,,,,,,,,,,,,,cs:quartaireeenheid,,,,,,,cs:quartaireeenheid
ct:Rf,skos:Concept,Rf,colt:quartaireeenheid,,Grindrijk zand - puinwaaier,,,,,,,,,,,,,cs:quartaireeenheid,,,,,,,cs:quartaireeenheid
ct:Rh,skos:Concept,Rh,colt:quartaireeenheid,,Hellingsgrind,,,,,,,,,,,,,cs:quartaireeenheid,,,,,,,cs:quartaireeenheid
ct:Ru,skos:Concept,Ru,colt:quartaireeenheid,,Grind,,,,,,,,,,,,,cs:quartaireeenheid,,,,,,,cs:quartaireeenheid
ct:S,skos:Concept,S,colt:quartaireeenheid,,Saale afzettingen,,,,,,,,,,,,,cs:quartaireeenheid,,,,,,,cs:quartaireeenheid
ct:S',skos:Concept,S',colt:quartaireeenheid,,Niet gedifferentieerd facies,,,,,,,,,,,,,cs:quartaireeenheid,,,,,,,cs:quartaireeenheid
ct:U,skos:Concept,U,colt:quartaireeenheid,,Onbekend,,,,,,,,,,,,,cs:quartaireeenheid,,,,,,,cs:quartaireeenheid
ct:V',skos:Concept,V',colt:quartaireeenheid,,Venig complex,,,,,,,,,,,,,cs:quartaireeenheid,,,,,,,cs:quartaireeenheid
ct:V1,skos:Concept,V1,colt:quartaireeenheid,,Veen op kleiig facies,,,,,,,,,,,,,cs:quartaireeenheid,,,,,,,cs:quartaireeenheid
ct:V2,skos:Concept,V2,colt:quartaireeenheid,,Veen op zandig facies,,,,,,,,,,,,,cs:quartaireeenheid,,,,,,,cs:quartaireeenheid
ct:W1,skos:Concept,W1,colt:quartaireeenheid,,Klei en/of zand over gehele sequentie en bedekt met eolische afzettingen,,,,,,,,,,,,,cs:quartaireeenheid,,,,,,,cs:quartaireeenheid
ct:W3,skos:Concept,W3,colt:quartaireeenheid,,Klei en/of zand over de gehele sequentie en bedekt met eolische afzettingen,,,,,,,,,,,,,cs:quartaireeenheid,,,,,,,cs:quartaireeenheid
ct:X,skos:Concept,X,colt:quartaireeenheid,,"Saale, continentaal",,,,,,,,,,,,,cs:quartaireeenheid,,,,,,,cs:quartaireeenheid
ct:X1,skos:Concept,X1,colt:quartaireeenheid,,Klei en/of zand over de gehele sequentie zonder veenlagen,,,,,,,,,,,,,cs:quartaireeenheid,,,,,,,cs:quartaireeenheid
ct:X11,skos:Concept,X11,colt:quartaireeenheid,,"Klei en/of zand, geulopvulling over gehele sequentie",,,,,,,,,,,,,cs:quartaireeenheid,,,,,,,cs:quartaireeenheid
ct:X2,skos:Concept,X2,colt:quartaireeenheid,,Klei en/of zand met aan de basis het basisveen,,,,,,,,,,,,,cs:quartaireeenheid,,,,,,,cs:quartaireeenheid
ct:X3,skos:Concept,X3,colt:quartaireeenheid,,Klei en/of zand over de gehele sequentie met aan het huidige oppervlak een dunne veenlaag,,,,,,,,,,,,,cs:quartaireeenheid,,,,,,,cs:quartaireeenheid
ct:X4,skos:Concept,X4,colt:quartaireeenheid,,Klei en/of zand over de gehele sequentie met aan het huidige oppervlak een dunne veenlaag en aan de basis het basisveen,,,,,,,,,,,,,cs:quartaireeenheid,,,,,,,cs:quartaireeenheid
ct:Y,skos:Concept,Y,colt:quartaireeenheid,,Pre-Saale continentaal,,,,,,,,,,,,,cs:quartaireeenheid,,,,,,,cs:quartaireeenheid
ct:Y1,skos:Concept,Y1,colt:quartaireeenheid,,Klei en/of zand met intercalaties van één of meerdere verlandingsvenen,,,,,,,,,,,,,cs:quartaireeenheid,,,,,,,cs:quartaireeenheid
ct:Y2,skos:Concept,Y2,colt:quartaireeenheid,,Klei en/of zand met intercalaties van één of meerdere verlandingsvenen en aan de basis het basisveen,,,,,,,,,,,,,cs:quartaireeenheid,,,,,,,cs:quartaireeenheid
ct:Y4,skos:Concept,Y4,colt:quartaireeenheid,,Afwisseling van klei en/of zand met een dunne veenlaag aan het oppervlak en aan de basis het basisveen,,,,,,,,,,,,,cs:quartaireeenheid,,,,,,,cs:quartaireeenheid
ct:Z,skos:Concept,Z,colt:quartaireeenheid,,Zand,,,,,,,,,,,,,cs:quartaireeenheid,,,,,,,cs:quartaireeenheid
ct:Z3,skos:Concept,Z3,colt:quartaireeenheid,,Veen en/of organisch gyttja over de gehele sequentie met aan de top een klei- of zandlaag waarvan de dikte kleiner is dan de dikte van de veenlaag,,,,,,,,,,,,,cs:quartaireeenheid,,,,,,,cs:quartaireeenheid
ct:A01,skos:Concept,A01,colt:quartaireeenheid,,"Aangebracht, antropogeen - /",,,,,,,,,,,,,cs:quartaireeenheid,,,,,,,cs:quartaireeenheid
ct:a',skos:Concept,a',colt:quartaireeenheid,,Lichte zandleem tot silt,,,,,,,,,,,,,cs:quartaireeenheid,,,,,,,cs:quartaireeenheid
ct:b,skos:Concept,b,colt:quartaireeenheid,,"Holoceen, Pleistoceen, continentaal alluvium",,,,,,,,,,,,,cs:quartaireeenheid,,,,,,,cs:quartaireeenheid
ct:c,skos:Concept,c,colt:quartaireeenheid,,Eemiaan continentaal,,,,,,,,,,,,,cs:quartaireeenheid,,,,,,,cs:quartaireeenheid
ct:c°,skos:Concept,c°,colt:quartaireeenheid,,"Fining-up cyclus, mogelijks met veen",,,,,,,,,,,,,cs:quartaireeenheid,,,,,,,cs:quartaireeenheid
ct:d,skos:Concept,d,colt:quartaireeenheid,,"Weichseliaan, continentaal, eolisch",,,,,,,,,,,,,cs:quartaireeenheid,,,,,,,cs:quartaireeenheid
ct:d1,skos:Concept,d1,colt:quartaireeenheid,,Kleiig facies op zandig facies,,,,,,,,,,,,,cs:quartaireeenheid,,,,,,,cs:quartaireeenheid
ct:e,skos:Concept,e,colt:quartaireeenheid,,"Eemiaan, marien",,,,,,,,,,,,,cs:quartaireeenheid,,,,,,,cs:quartaireeenheid
ct:e',skos:Concept,e',colt:quartaireeenheid,,"Niet gedifferentieerd facies, mogelijks veen",,,,,,,,,,,,,cs:quartaireeenheid,,,,,,,cs:quartaireeenheid
ct:f,skos:Concept,f,colt:quartaireeenheid,,"Weichseliaan, continentaal, fluviatiel, periglaciaal",,,,,,,,,,,,,cs:quartaireeenheid,,,,,,,cs:quartaireeenheid
ct:f',skos:Concept,f',colt:quartaireeenheid,,Niet gedifferentieerd fijn klastisch facies,,,,,,,,,,,,,cs:quartaireeenheid,,,,,,,cs:quartaireeenheid
ct:f1,skos:Concept,f1,colt:quartaireeenheid,,"Weichseliaan, continentaal, fluviatiel, periglaciaal",,,,,,,,,,,,,cs:quartaireeenheid,,,,,,,cs:quartaireeenheid
ct:f2,skos:Concept,f2,colt:quartaireeenheid,,"Weichseliaan, continentaal, fluviatiel, periglaciaal",,,,,,,,,,,,,cs:quartaireeenheid,,,,,,,cs:quartaireeenheid
ct:f3,skos:Concept,f3,colt:quartaireeenheid,,"Weichseliaan, continentaal, fluviatiel, periglaciaal",,,,,,,,,,,,,cs:quartaireeenheid,,,,,,,cs:quartaireeenheid
ct:f°,skos:Concept,f°,colt:quartaireeenheid,,"Fining-up cyclus (cycli), mogelijks met veen",,,,,,,,,,,,,cs:quartaireeenheid,,,,,,,cs:quartaireeenheid
ct:g,skos:Concept,g,colt:quartaireeenheid,,"Weichseliaan, continentaal, niveo-eolisch, fluviatiel",,,,,,,,,,,,,cs:quartaireeenheid,,,,,,,cs:quartaireeenheid
ct:h,skos:Concept,h,colt:quartaireeenheid,,Diachroon,,,,,,,,,,,,,cs:quartaireeenheid,,,,,,,cs:quartaireeenheid
ct:h',skos:Concept,h',colt:quartaireeenheid,,Niet gedifferentieerd facies,,,,,,,,,,,,,cs:quartaireeenheid,,,,,,,cs:quartaireeenheid
ct:i,skos:Concept,i,colt:quartaireeenheid,,Zandig/kleiig complex,,,,,,,,,,,,,cs:quartaireeenheid,,,,,,,cs:quartaireeenheid
ct:j,skos:Concept,j,colt:quartaireeenheid,,Silteus tot kleiig facies,,,,,,,,,,,,,cs:quartaireeenheid,,,,,,,cs:quartaireeenheid
ct:j',skos:Concept,j',colt:quartaireeenheid,,Niet gedifferentieerd facies,,,,,,,,,,,,,cs:quartaireeenheid,,,,,,,cs:quartaireeenheid
ct:k,skos:Concept,k,colt:quartaireeenheid,,"Holoceen, continentaal alluvium",,,,,,,,,,,,,cs:quartaireeenheid,,,,,,,cs:quartaireeenheid
ct:k',skos:Concept,k',colt:quartaireeenheid,,"Niet gedifferentieerd facies, veen en kalftuf mogelijks aanwezig",,,,,,,,,,,,,cs:quartaireeenheid,,,,,,,cs:quartaireeenheid
ct:k1,skos:Concept,k1,colt:quartaireeenheid,,"Holoceen, continentaal alluvium",,,,,,,,,,,,,cs:quartaireeenheid,,,,,,,cs:quartaireeenheid
ct:k2,skos:Concept,k2,colt:quartaireeenheid,,"Holoceen, continentaal alluvium",,,,,,,,,,,,,cs:quartaireeenheid,,,,,,,cs:quartaireeenheid
ct:l,skos:Concept,l,colt:quartaireeenheid,,"Weichseliaan, continentaal",,,,,,,,,,,,,cs:quartaireeenheid,,,,,,,cs:quartaireeenheid
ct:m,skos:Concept,m,colt:quartaireeenheid,,"Holoceen, marien",,,,,,,,,,,,,cs:quartaireeenheid,,,,,,,cs:quartaireeenheid
ct:n,skos:Concept,n,colt:quartaireeenheid,,"Weichseliaan, continentaal, niveo-eolisch",,,,,,,,,,,,,cs:quartaireeenheid,,,,,,,cs:quartaireeenheid
ct:o,skos:Concept,o,colt:quartaireeenheid,,Holoceen - Pleistoceen overgang,,,,,,,,,,,,,cs:quartaireeenheid,,,,,,,cs:quartaireeenheid
ct:p,skos:Concept,p,colt:quartaireeenheid,,Perimarien,,,,,,,,,,,,,cs:quartaireeenheid,,,,,,,cs:quartaireeenheid
ct:p',skos:Concept,p',colt:quartaireeenheid,,Niet gedifferentieerd facies (zandig tot kleiig),,,,,,,,,,,,,cs:quartaireeenheid,,,,,,,cs:quartaireeenheid
ct:q,skos:Concept,q,colt:quartaireeenheid,,Silteus tot kleiig facies,,,,,,,,,,,,,cs:quartaireeenheid,,,,,,,cs:quartaireeenheid
ct:q',skos:Concept,q',colt:quartaireeenheid,,Niet gedifferentieerd,,,,,,,,,,,,,cs:quartaireeenheid,,,,,,,cs:quartaireeenheid
ct:t,skos:Concept,t,colt:quartaireeenheid,,Kleiig/zandig complex (Lid van Turnhout),,,,,,,,,,,,,cs:quartaireeenheid,,,,,,,cs:quartaireeenheid
ct:y,skos:Concept,y,colt:quartaireeenheid,,Pré-Saaliaan continentaal,,,,,,,,,,,,,cs:quartaireeenheid,,,,,,,cs:quartaireeenheid
ct:y',skos:Concept,y',colt:quartaireeenheid,,Dominant zandig facies,,,,,,,,,,,,,cs:quartaireeenheid,,,,,,,cs:quartaireeenheid
ct:z,skos:Concept,z,colt:quartaireeenheid,,?,,,,,,,,,,,,,cs:quartaireeenheid,,,,,,,cs:quartaireeenheid
ct:£,skos:Concept,£,colt:quartaireeenheid,,"Zand- en grindfacies (Maas en Rijn, Lommel)",,,,,,,,,,,,,cs:quartaireeenheid,,,,,,,cs:quartaireeenheid
ct:¥,skos:Concept,¥,colt:quartaireeenheid,,"Grindfacies (Maas en Rijn, Lixhe",,,,,,,,,,,,,cs:quartaireeenheid,,,,,,,cs:quartaireeenheid
ct:Æ,skos:Concept,Æ,colt:quartaireeenheid,,Zandig facies,,,,,,,,,,,,,cs:quartaireeenheid,,,,,,,cs:quartaireeenheid
ct:å,skos:Concept,å,colt:quartaireeenheid,,"Silt met intercalaties van kleiige, venige en/of zandige laagjes",,,,,,,,,,,,,cs:quartaireeenheid,,,,,,,cs:quartaireeenheid
ct:u,skos:Concept,u,colt:quartaireeenheid,,Kleiig/zandig complex (Lid van Rijkevorsel),,,,,,,,,,,,,cs:quartaireeenheid,,,,,,,cs:quartaireeenheid
ct:v,skos:Concept,v,colt:quartaireeenheid,,"Holoceen, continentaal",,,,,,,,,,,,,cs:quartaireeenheid,,,,,,,cs:quartaireeenheid
ct:v',skos:Concept,v',colt:quartaireeenheid,,Venig complex,,,,,,,,,,,,,cs:quartaireeenheid,,,,,,,cs:quartaireeenheid
ct:w,skos:Concept,w,colt:quartaireeenheid,,Dominant zandig facies,,,,,,,,,,,,,cs:quartaireeenheid,,,,,,,cs:quartaireeenheid
ct:w',skos:Concept,w',colt:quartaireeenheid,,Niet gedifferentieerd facies,,,,,,,,,,,,,cs:quartaireeenheid,,,,,,,cs:quartaireeenheid
ct:x,skos:Concept,x,colt:quartaireeenheid,,Saale continentaal,,,,,,,,,,,,,cs:quartaireeenheid,,,,,,,cs:quartaireeenheid
ct:x',skos:Concept,x',colt:quartaireeenheid,,Dominant zandig facies met bodemhorizonten en veenlagen (Lid van Beerse),,,,,,,,,,,,,cs:quartaireeenheid,,,,,,,cs:quartaireeenheid
ct:¦,skos:Concept,¦,colt:quartaireeenheid,,"Kleiig tot grindrijk facies (Maas en Rijn, Leut)",,,,,,,,,,,,,cs:quartaireeenheid,,,,,,,cs:quartaireeenheid
ct:§,skos:Concept,§,colt:quartaireeenheid,,Zandig facies tot grindfacies (Schelde),,,,,,,,,,,,,cs:quartaireeenheid,,,,,,,cs:quartaireeenheid
ct:©,skos:Concept,©,colt:quartaireeenheid,,Fijn zand tot klei,,,,,,,,,,,,,cs:quartaireeenheid,,,,,,,cs:quartaireeenheid
ct:®,skos:Concept,®,colt:quartaireeenheid,,"Zand, soms grind",,,,,,,,,,,,,cs:quartaireeenheid,,,,,,,cs:quartaireeenheid
ct:µ,skos:Concept,µ,colt:quartaireeenheid,,Complex van Melle,,,,,,,,,,,,,cs:quartaireeenheid,,,,,,,cs:quartaireeenheid
ct:Á,skos:Concept,Á,colt:quartaireeenheid,,Zand tot zandleem met mogelijks in het basisgedeelte een alternatie van fijnere en grovere laagjes,,,,,,,,,,,,,cs:quartaireeenheid,,,,,,,cs:quartaireeenheid
ct:Ç,skos:Concept,Ç,colt:quartaireeenheid,,Ondiep Tertiair substraat,,,,,,,,,,,,,cs:quartaireeenheid,,,,,,,cs:quartaireeenheid
ct:Ø,skos:Concept,Ø,colt:quartaireeenheid,,"Grind facies (Maas en Rijn, Lanklaar)",,,,,,,,,,,,,cs:quartaireeenheid,,,,,,,cs:quartaireeenheid
ct:Þ,skos:Concept,Þ,colt:quartaireeenheid,,"Zand- en grindfacies (Maas en Rijn, Winterslag)",,,,,,,,,,,,,cs:quartaireeenheid,,,,,,,cs:quartaireeenheid
ct:ß,skos:Concept,ß,colt:quartaireeenheid,,"Zand- en grindfacies (Maas en Rijn, Bocholt)",,,,,,,,,,,,,cs:quartaireeenheid,,,,,,,cs:quartaireeenheid
ct:á,skos:Concept,á,colt:quartaireeenheid,,Klei tot kleiig zand,,,,,,,,,,,,,cs:quartaireeenheid,,,,,,,cs:quartaireeenheid
ct:â,skos:Concept,â,colt:quartaireeenheid,,"Homogeen silt gevolgd door silt met intercalaties van kleiige, venige en/of zandige laagjes",,,,,,,,,,,,,cs:quartaireeenheid,,,,,,,cs:quartaireeenheid
ct:æ,skos:Concept,æ,colt:quartaireeenheid,,Homogene silt en silt met intercalaties van kleiige en zandige laagjes,,,,,,,,,,,,,cs:quartaireeenheid,,,,,,,cs:quartaireeenheid
ct:ç,skos:Concept,ç,colt:quartaireeenheid,,Herwerkte Tertiaire afzettingen,,,,,,,,,,,,,cs:quartaireeenheid,,,,,,,cs:quartaireeenheid
ct:ç',skos:Concept,ç',colt:quartaireeenheid,,Herwerkte afzettingen,,,,,,,,,,,,,cs:quartaireeenheid,,,,,,,cs:quartaireeenheid
ct:é,skos:Concept,é,colt:quartaireeenheid,,Zandig/kleiig - silteus complex,,,,,,,,,,,,,cs:quartaireeenheid,,,,,,,cs:quartaireeenheid
ct:ô,skos:Concept,ô,colt:quartaireeenheid,,"Holoceen, continentaal eolisch",,,,,,,,,,,,,cs:quartaireeenheid,,,,,,,cs:quartaireeenheid
ct:õ,skos:Concept,õ,colt:quartaireeenheid,,"Holoceen, Pleistoceen, continentaal eolisch",,,,,,,,,,,,,cs:quartaireeenheid,,,,,,,cs:quartaireeenheid
ct:ÿ,skos:Concept,ÿ,colt:quartaireeenheid,,Zandig complex,,,,,,,,,,,,,cs:quartaireeenheid,,,,,,,cs:quartaireeenheid
ct:#,skos:Concept,#,colt:quartaireeenheid,,Herwerkt tertiair,,,,,,,,,,,,,cs:quartaireeenheid,,,,,,,cs:quartaireeenheid
ct:<<,skos:Concept,<<,colt:quartaireeenheid,,"Grind (Maas en Rijn, Eisden-Lanklaar)",,,,,,,,,,,,,cs:quartaireeenheid,,,,,,,cs:quartaireeenheid
ct:?,skos:Concept,?,colt:quartaireeenheid,,"Kleiig tot grindrijk facies (Maas en Rijn, Leut)",,,,,,,,,,,,,cs:quartaireeenheid,,,,,,,cs:quartaireeenheid
ct:],skos:Concept,],colt:quartaireeenheid,,Fining-up sequentie (Schelde),,,,,,,,,,,,,cs:quartaireeenheid,,,,,,,cs:quartaireeenheid
ct:^,skos:Concept,^,colt:quartaireeenheid,,"Grind facies (Maas en Rijn, Zutendaal)",,,,,,,,,,,,,cs:quartaireeenheid,,,,,,,cs:quartaireeenheid
ct:^F,skos:Concept,^F,colt:quartaireeenheid,,Grindhoudend en grindrijk zand tot grind,,,,,,,,,,,,,cs:quartaireeenheid,,,,,,,cs:quartaireeenheid
ct:^H,skos:Concept,^H,colt:quartaireeenheid,,Grindrijk facies,,,,,,,,,,,,,cs:quartaireeenheid,,,,,,,cs:quartaireeenheid
ct:^K,skos:Concept,^K,colt:quartaireeenheid,,Grind tot grindrijk zandig facies,,,,,,,,,,,,,cs:quartaireeenheid,,,,,,,cs:quartaireeenheid
ct:^Q,skos:Concept,^Q,colt:quartaireeenheid,,Grindrijk facies,,,,,,,,,,,,,cs:quartaireeenheid,,,,,,,cs:quartaireeenheid
ct:^W,skos:Concept,^W,colt:quartaireeenheid,,Grindrijk facies,,,,,,,,,,,,,cs:quartaireeenheid,,,,,,,cs:quartaireeenheid
ct:a,skos:Concept,a,colt:quartaireeenheid,,"Weichseliaan, continentaal, hellingsafzettingen",,,,,,,,,,,,,cs:quartaireeenheid,,,,,,,cs:quartaireeenheid
ct:D01,skos:Concept,D01,colt:quartaireeenheid,,Zandig facies - Diachroon,,,,,,,,,,,,,cs:quartaireeenheid,,,,,,,cs:quartaireeenheid
ct:D02,skos:Concept,D02,colt:quartaireeenheid,,Grindrijk facies - Diachroon,,,,,,,,,,,,,cs:quartaireeenheid,,,,,,,cs:quartaireeenheid
ct:D03,skos:Concept,D03,colt:quartaireeenheid,,Silteus tot kleiig facies - Diachroon,,,,,,,,,,,,,cs:quartaireeenheid,,,,,,,cs:quartaireeenheid
ct:D04,skos:Concept,D04,colt:quartaireeenheid,,Niet gedifferentieerd - Diachroon,,,,,,,,,,,,,cs:quartaireeenheid,,,,,,,cs:quartaireeenheid
ct:E01,skos:Concept,E01,colt:quartaireeenheid,,Klei en/of zand over de gehele sequentie en bedekt met eolische afzettingen - Holoceen,,,,,,,,,,,,,cs:quartaireeenheid,,,,,,,cs:quartaireeenheid
ct:E02,skos:Concept,E02,colt:quartaireeenheid,,Klei en/of zand over de gehele sequentie en bedekt met een veenlaag direct onder de eolische afzettingen - Holoceen,,,,,,,,,,,,,cs:quartaireeenheid,,,,,,,cs:quartaireeenheid
ct:E03,skos:Concept,E03,colt:quartaireeenheid,,Zand - Tardiglaciaal en/of Holoceen,,,,,,,,,,,,,cs:quartaireeenheid,,,,,,,cs:quartaireeenheid
ct:E04,skos:Concept,E04,colt:quartaireeenheid,,Zandig facies - Laat-Pleniglaciaal (Weichselien) en/of Vroeg-Holoceen,,,,,,,,,,,,,cs:quartaireeenheid,,,,,,,cs:quartaireeenheid
ct:E05,skos:Concept,E05,colt:quartaireeenheid,,Silteus facies - Laat-Pleniglaciaal (Weichselien) en/of Vroeg-Holoceen,,,,,,,,,,,,,cs:quartaireeenheid,,,,,,,cs:quartaireeenheid
ct:E06,skos:Concept,E06,colt:quartaireeenheid,,Zandig facies - Weichselien,,,,,,,,,,,,,cs:quartaireeenheid,,,,,,,cs:quartaireeenheid
ct:E07,skos:Concept,E07,colt:quartaireeenheid,,Zand tot zandleem met mogelijks in het basisgedeelte een alternatie van fijnere en grovere laagjes - Weichselien,,,,,,,,,,,,,cs:quartaireeenheid,,,,,,,cs:quartaireeenheid
ct:E08,skos:Concept,E08,colt:quartaireeenheid,,Silt (loess) - Weichselien,,,,,,,,,,,,,cs:quartaireeenheid,,,,,,,cs:quartaireeenheid
ct:E09,skos:Concept,E09,colt:quartaireeenheid,,"Homogeen silt gevolgd door silt met intercalaties van kleiige, venige en/of zandige laagjes - Weichselien",,,,,,,,,,,,,cs:quartaireeenheid,,,,,,,cs:quartaireeenheid
ct:E10,skos:Concept,E10,colt:quartaireeenheid,,Lichte zandleem tot silt - Weichselien,,,,,,,,,,,,,cs:quartaireeenheid,,,,,,,cs:quartaireeenheid
ct:E11,skos:Concept,E11,colt:quartaireeenheid,,Zandig facies - Saalien en/of Weichselien,,,,,,,,,,,,,cs:quartaireeenheid,,,,,,,cs:quartaireeenheid
ct:E12,skos:Concept,E12,colt:quartaireeenheid,,Homogene silt en silt met intercalaties van kleiige en zandige laagjes - Saalien en/of Weichselien,,,,,,,,,,,,,cs:quartaireeenheid,,,,,,,cs:quartaireeenheid
ct:ES01,skos:Concept,ES01,colt:quartaireeenheid,,Niet gedifferentieerd facies (zandig tot kleiig) - Holoceen,,,,,,,,,,,,,cs:quartaireeenheid,,,,,,,cs:quartaireeenheid
ct:ES02,skos:Concept,ES02,colt:quartaireeenheid,,Dominant zandige facies - Holoceen,,,,,,,,,,,,,cs:quartaireeenheid,,,,,,,cs:quartaireeenheid
ct:ES03,skos:Concept,ES03,colt:quartaireeenheid,,Dominant kleiig facies - Holoceen,,,,,,,,,,,,,cs:quartaireeenheid,,,,,,,cs:quartaireeenheid
ct:ES04,skos:Concept,ES04,colt:quartaireeenheid,,"Dominant zandig facies, mogelijks schelprijk - Eemien",,,,,,,,,,,,,cs:quartaireeenheid,,,,,,,cs:quartaireeenheid
ct:ES05,skos:Concept,ES05,colt:quartaireeenheid,,Zandig/ kleiig – silteus complex - Eemien,,,,,,,,,,,,,cs:quartaireeenheid,,,,,,,cs:quartaireeenheid
ct:ES06,skos:Concept,ES06,colt:quartaireeenheid,,"Niet gedifferentieerd facies, mogelijks veen - Eemien",,,,,,,,,,,,,cs:quartaireeenheid,,,,,,,cs:quartaireeenheid
ct:ES07,skos:Concept,ES07,colt:quartaireeenheid,,Zandig/kleiig complex - Midden-Pleistoceen,,,,,,,,,,,,,cs:quartaireeenheid,,,,,,,cs:quartaireeenheid
ct:ES08,skos:Concept,ES08,colt:quartaireeenheid,,"Kleiig/zandig complex - Vroeg-Pleistoceen  - Tertiair (1,2)",,,,,,,,,,,,,cs:quartaireeenheid,,,,,,,cs:quartaireeenheid
ct:ES09,skos:Concept,ES09,colt:quartaireeenheid,,Kleiig/zandig complex (Lid van Turnhout) - Vroeg- Pleistoceen – Tertiair (1),,,,,,,,,,,,,cs:quartaireeenheid,,,,,,,cs:quartaireeenheid
ct:ES10,skos:Concept,ES10,colt:quartaireeenheid,,Kleiig/zandig complex (Lid van Rijkevorsel) - Vroeg-Pleistoceen – Tertiair (1),,,,,,,,,,,,,cs:quartaireeenheid,,,,,,,cs:quartaireeenheid
ct:ES11,skos:Concept,ES11,colt:quartaireeenheid,,Dominant zandig complex - Vroeg-Pleistoceen –Tertiair (2),,,,,,,,,,,,,cs:quartaireeenheid,,,,,,,cs:quartaireeenheid
ct:ES12,skos:Concept,ES12,colt:quartaireeenheid,,Zandig complex - Vroeg-Pleistoceen –Tertiair (2),,,,,,,,,,,,,cs:quartaireeenheid,,,,,,,cs:quartaireeenheid
ct:ES13,skos:Concept,ES13,colt:quartaireeenheid,,Zandig complex - Plio-Pleistoceen,,,,,,,,,,,,,cs:quartaireeenheid,,,,,,,cs:quartaireeenheid
ct:F01,skos:Concept,F01,colt:quartaireeenheid,,"Zandige facies, mogelijks vegetatieresten - Holoceen",,,,,,,,,,,,,cs:quartaireeenheid,,,,,,,cs:quartaireeenheid
ct:F02,skos:Concept,F02,colt:quartaireeenheid,,Zandig facies op kleiig facies - Holoceen,,,,,,,,,,,,,cs:quartaireeenheid,,,,,,,cs:quartaireeenheid
ct:F03,skos:Concept,F03,colt:quartaireeenheid,,Kleiig facies - Holoceen,,,,,,,,,,,,,cs:quartaireeenheid,,,,,,,cs:quartaireeenheid
ct:F04,skos:Concept,F04,colt:quartaireeenheid,,Kleiig facies op zandig facies - Holoceen,,,,,,,,,,,,,cs:quartaireeenheid,,,,,,,cs:quartaireeenheid
ct:F05,skos:Concept,F05,colt:quartaireeenheid,,"Kleiig tot grindrijk facies (Maas en Rijn, Leut) - Holoceen",,,,,,,,,,,,,cs:quartaireeenheid,,,,,,,cs:quartaireeenheid
ct:F06,skos:Concept,F06,colt:quartaireeenheid,,Zandig facies - Tardiglaciaal tot Vroeg-Holoceen,,,,,,,,,,,,,cs:quartaireeenheid,,,,,,,cs:quartaireeenheid
ct:F07,skos:Concept,F07,colt:quartaireeenheid,,Lemig zandfacies tot kleiig facies - Tardiglaciaal tot  Vroeg-Holoceen,,,,,,,,,,,,,cs:quartaireeenheid,,,,,,,cs:quartaireeenheid
ct:F08,skos:Concept,F08,colt:quartaireeenheid,,Dominant zandig facies - Tardiglaciaal en/of Holoceen,,,,,,,,,,,,,cs:quartaireeenheid,,,,,,,cs:quartaireeenheid
ct:F09,skos:Concept,F09,colt:quartaireeenheid,,Grind tot grindrijk zandig facies - Tardiglaciaal en/of Holoceen,,,,,,,,,,,,,cs:quartaireeenheid,,,,,,,cs:quartaireeenheid
ct:F10,skos:Concept,F10,colt:quartaireeenheid,,"Silteus tot kleiig facies, veen en kalktuf mogelijks aanwezig - Tardiglaciaal en/of Holoceen",,,,,,,,,,,,,cs:quartaireeenheid,,,,,,,cs:quartaireeenheid
ct:F11,skos:Concept,F11,colt:quartaireeenheid,,"Niet gedifferentieerd facies, veen en kalktuf mogelijks aanwezig - Tardiglaciaal en/of Holoceen",,,,,,,,,,,,,cs:quartaireeenheid,,,,,,,cs:quartaireeenheid
ct:F12,skos:Concept,F12,colt:quartaireeenheid,,"Dominant grind, zand (Maas en Rijn, Geistingen) - Laat-Weichselien",,,,,,,,,,,,,cs:quartaireeenheid,,,,,,,cs:quartaireeenheid
ct:F13,skos:Concept,F13,colt:quartaireeenheid,,Dominant zandig facies op dominant silteus facies - Weichselien,,,,,,,,,,,,,cs:quartaireeenheid,,,,,,,cs:quartaireeenheid
ct:F14,skos:Concept,F14,colt:quartaireeenheid,,"Grind facies (Maas en Rijn, Mechelen a/d Maas) - Weichselien",,,,,,,,,,,,,cs:quartaireeenheid,,,,,,,cs:quartaireeenheid
ct:F15,skos:Concept,F15,colt:quartaireeenheid,,Dominant zandig facies op dominant silteus facies op dominant zandig facies - Weichselien,,,,,,,,,,,,,cs:quartaireeenheid,,,,,,,cs:quartaireeenheid
ct:F16,skos:Concept,F16,colt:quartaireeenheid,,Dominant zandig facies op dominant silteus facies op dominant zandig facies op dominant silteus facies - Weichselien,,,,,,,,,,,,,cs:quartaireeenheid,,,,,,,cs:quartaireeenheid
ct:F17,skos:Concept,F17,colt:quartaireeenheid,,Dominant silteus facies - Weichselien,,,,,,,,,,,,,cs:quartaireeenheid,,,,,,,cs:quartaireeenheid
ct:F18,skos:Concept,F18,colt:quartaireeenheid,,"Fining-up cyclus (cycli), mogelijks met veen - Weichselien",,,,,,,,,,,,,cs:quartaireeenheid,,,,,,,cs:quartaireeenheid
ct:F19,skos:Concept,F19,colt:quartaireeenheid,,Niet gedifferentieerd fijn klastisch facies - Weichselien,,,,,,,,,,,,,cs:quartaireeenheid,,,,,,,cs:quartaireeenheid
ct:F20,skos:Concept,F20,colt:quartaireeenheid,,Dominant silteus facies op dominant zandig facies - Weichselien,,,,,,,,,,,,,cs:quartaireeenheid,,,,,,,cs:quartaireeenheid
ct:F21,skos:Concept,F21,colt:quartaireeenheid,,Dominant silteus facies op dominant zandig facies op dominant silteus facies - Weichselien,,,,,,,,,,,,,cs:quartaireeenheid,,,,,,,cs:quartaireeenheid
ct:F22,skos:Concept,F22,colt:quartaireeenheid,,Dominant silteus facies op dominant zandig facies op dominant silteus facies op dominant zandig facies - Weichselien,,,,,,,,,,,,,cs:quartaireeenheid,,,,,,,cs:quartaireeenheid
ct:F23,skos:Concept,F23,colt:quartaireeenheid,,Dominant zandig facies - Weichselien,,,,,,,,,,,,,cs:quartaireeenheid,,,,,,,cs:quartaireeenheid
ct:F24,skos:Concept,F24,colt:quartaireeenheid,,Dominant silteus facies - Weichselien,,,,,,,,,,,,,cs:quartaireeenheid,,,,,,,cs:quartaireeenheid
ct:F25,skos:Concept,F25,colt:quartaireeenheid,,Dominant zandig facies - Weichselien,,,,,,,,,,,,,cs:quartaireeenheid,,,,,,,cs:quartaireeenheid
ct:F26,skos:Concept,F26,colt:quartaireeenheid,,Grindhoudend en grindrijk zand tot grind - Weichselien,,,,,,,,,,,,,cs:quartaireeenheid,,,,,,,cs:quartaireeenheid
ct:F27,skos:Concept,F27,colt:quartaireeenheid,,Klei tot kleiig zand - Weichselien,,,,,,,,,,,,,cs:quartaireeenheid,,,,,,,cs:quartaireeenheid
ct:F28,skos:Concept,F28,colt:quartaireeenheid,,Niet gedifferentieerd facies - Eemien en/of        Weichselien,,,,,,,,,,,,,cs:quartaireeenheid,,,,,,,cs:quartaireeenheid
ct:F29,skos:Concept,F29,colt:quartaireeenheid,,"Silteus tot kleiig facies, mogelijks met veen - Eemien",,,,,,,,,,,,,cs:quartaireeenheid,,,,,,,cs:quartaireeenheid
ct:F30,skos:Concept,F30,colt:quartaireeenheid,,"Fining – up cyclus, mogelijks met veen - Eemien",,,,,,,,,,,,,cs:quartaireeenheid,,,,,,,cs:quartaireeenheid
ct:F31,skos:Concept,F31,colt:quartaireeenheid,,Zandig facies - Saalien,,,,,,,,,,,,,cs:quartaireeenheid,,,,,,,cs:quartaireeenheid
ct:F32,skos:Concept,F32,colt:quartaireeenheid,,Niet gedifferentieerd facies - Saalien,,,,,,,,,,,,,cs:quartaireeenheid,,,,,,,cs:quartaireeenheid
ct:F33,skos:Concept,F33,colt:quartaireeenheid,,"Grind (Maas en Rijn, Eisden-Lanklaar) - Saalien",,,,,,,,,,,,,cs:quartaireeenheid,,,,,,,cs:quartaireeenheid
ct:F34,skos:Concept,F34,colt:quartaireeenheid,,"Grind facies (Maas en Rijn, Lanklaar) - Saalien tot en met Weichselien",,,,,,,,,,,,,cs:quartaireeenheid,,,,,,,cs:quartaireeenheid
ct:F35,skos:Concept,F35,colt:quartaireeenheid,,Fining-up sequentie (Schelde) - Holsteinien,,,,,,,,,,,,,cs:quartaireeenheid,,,,,,,cs:quartaireeenheid
ct:F36,skos:Concept,F36,colt:quartaireeenheid,,Grindrijk facies - Midden- en/of Laat-Pleistoceen,,,,,,,,,,,,,cs:quartaireeenheid,,,,,,,cs:quartaireeenheid
ct:F37,skos:Concept,F37,colt:quartaireeenheid,,Dominant zandig facies - Midden- en/of Laat-Pleistoceen,,,,,,,,,,,,,cs:quartaireeenheid,,,,,,,cs:quartaireeenheid
ct:F38,skos:Concept,F38,colt:quartaireeenheid,,Niet gedifferentieerd facies - Midden- en/of Laat-Pleistoceen,,,,,,,,,,,,,cs:quartaireeenheid,,,,,,,cs:quartaireeenheid
ct:F39,skos:Concept,F39,colt:quartaireeenheid,,"Grind facies (Maas en Rijn, Zutendaal) - Midden-Pleistoceen",,,,,,,,,,,,,cs:quartaireeenheid,,,,,,,cs:quartaireeenheid
ct:F40,skos:Concept,F40,colt:quartaireeenheid,,"Grind facies (Maas en Rijn, Mopertingen of Lanaken) - Midden-Pleistoceen",,,,,,,,,,,,,cs:quartaireeenheid,,,,,,,cs:quartaireeenheid
ct:F41,skos:Concept,F41,colt:quartaireeenheid,,Zandig complex met venige-humeuze en kleiige-silteuze lagen - Vroeg-Pleistoceen,,,,,,,,,,,,,cs:quartaireeenheid,,,,,,,cs:quartaireeenheid
ct:F42,skos:Concept,F42,colt:quartaireeenheid,,"Zand- en grindfacies (Maas en Rijn, Lommel) - Vroeg-Pleistoceen, post-Jaromillo",,,,,,,,,,,,,cs:quartaireeenheid,,,,,,,cs:quartaireeenheid
ct:F43,skos:Concept,F43,colt:quartaireeenheid,,"Zand- en grindfacies (Maas en Rijn, Bocholt) - Vroeg-Pleistoceen, post-Jaromillo",,,,,,,,,,,,,cs:quartaireeenheid,,,,,,,cs:quartaireeenheid
ct:F44,skos:Concept,F44,colt:quartaireeenheid,,"Zand- en grindfacies (Maas en Rijn, Winterslag) - Vroeg-Pleistoceen, post-Jaromillo",,,,,,,,,,,,,cs:quartaireeenheid,,,,,,,cs:quartaireeenheid
ct:F45,skos:Concept,F45,colt:quartaireeenheid,,"Grindfacies (Maas en Rijn, Lixhe) - Vroeg-Pleistoceen, pré-Jaromillo",,,,,,,,,,,,,cs:quartaireeenheid,,,,,,,cs:quartaireeenheid
ct:F46,skos:Concept,F46,colt:quartaireeenheid,,Dominant zandig facies met bodemhorizonten en veenlagen (Lid van Beerse) - Vroeg-Pleistoceen – Tertiair (1),,,,,,,,,,,,,cs:quartaireeenheid,,,,,,,cs:quartaireeenheid
ct:F47,skos:Concept,F47,colt:quartaireeenheid,,Dominant zandig facies - Vroeg-Pleistoceen –Tertiair (2),,,,,,,,,,,,,cs:quartaireeenheid,,,,,,,cs:quartaireeenheid
ct:F48,skos:Concept,F48,colt:quartaireeenheid,,"Grindfacies (Maas en Rijn, Simpelveld) - Vroeg-Pleistoceen –Tertiair (4)",,,,,,,,,,,,,cs:quartaireeenheid,,,,,,,cs:quartaireeenheid
ct:F49,skos:Concept,F49,colt:quartaireeenheid,,Zandig facies tot grindfacies (Schelde) - Vroeg- en/of Midden-Pleistoceen – Tertiair (3),,,,,,,,,,,,,cs:quartaireeenheid,,,,,,,cs:quartaireeenheid
ct:F50,skos:Concept,F50,colt:quartaireeenheid,,Herwerkte Rijn- en Maasafzettingen - Pleistoceen,,,,,,,,,,,,,cs:quartaireeenheid,,,,,,,cs:quartaireeenheid
ct:F51,skos:Concept,F51,colt:quartaireeenheid,,"Zand, soms grind - Pleistoceen",,,,,,,,,,,,,cs:quartaireeenheid,,,,,,,cs:quartaireeenheid
ct:F52,skos:Concept,F52,colt:quartaireeenheid,,Fijn zand tot klei - Pleistoceen,,,,,,,,,,,,,cs:quartaireeenheid,,,,,,,cs:quartaireeenheid
ct:H01,skos:Concept,H01,colt:quartaireeenheid,,Zandig facies - Diachroon,,,,,,,,,,,,,cs:quartaireeenheid,,,,,,,cs:quartaireeenheid
ct:H02,skos:Concept,H02,colt:quartaireeenheid,,Grindrijk facies - Diachroon,,,,,,,,,,,,,cs:quartaireeenheid,,,,,,,cs:quartaireeenheid
ct:H03,skos:Concept,H03,colt:quartaireeenheid,,Niet gedifferentieerd grofkorrelig facies - Diachroon,,,,,,,,,,,,,cs:quartaireeenheid,,,,,,,cs:quartaireeenheid
ct:H04,skos:Concept,H04,colt:quartaireeenheid,,Silteus tot kleiig facies - Diachroon,,,,,,,,,,,,,cs:quartaireeenheid,,,,,,,cs:quartaireeenheid
ct:H05,skos:Concept,H05,colt:quartaireeenheid,,Niet gedifferentieerd facies - Diachroon,,,,,,,,,,,,,cs:quartaireeenheid,,,,,,,cs:quartaireeenheid
ct:H06,skos:Concept,H06,colt:quartaireeenheid,,Silteus tot kleiig facies - Tardiglaciaal en/of Holoceen,,,,,,,,,,,,,cs:quartaireeenheid,,,,,,,cs:quartaireeenheid
ct:H07,skos:Concept,H07,colt:quartaireeenheid,,Niet gedifferentieerd facies - Tardiglaciaal en/of Holoceen,,,,,,,,,,,,,cs:quartaireeenheid,,,,,,,cs:quartaireeenheid
ct:H08,skos:Concept,H08,colt:quartaireeenheid,,"Silt met intercalaties van kleiige, venige en/of zandige laagjes - Weichselien",,,,,,,,,,,,,cs:quartaireeenheid,,,,,,,cs:quartaireeenheid
ct:HW01,skos:Concept,HW01,colt:quartaireeenheid,,Herwerkte Tertiaire afzettingen - Tertiair en/of Quartair,,,,,,,,,,,,,cs:quartaireeenheid,,,,,,,cs:quartaireeenheid
ct:HW02,skos:Concept,HW02,colt:quartaireeenheid,,Herwerkte afzettingen - /,,,,,,,,,,,,,cs:quartaireeenheid,,,,,,,cs:quartaireeenheid
ct:M01,skos:Concept,M01,colt:quartaireeenheid,,"Klei en/of zand , geulopvulling over gehele sequentie - Laat-Holoceen",,,,,,,,,,,,,cs:quartaireeenheid,,,,,,,cs:quartaireeenheid
ct:M02,skos:Concept,M02,colt:quartaireeenheid,,"Niet gedifferentieerd klastisch facies, veen, mogelijks kalkgyttja. - Holoceen",,,,,,,,,,,,,cs:quartaireeenheid,,,,,,,cs:quartaireeenheid
ct:M03,skos:Concept,M03,colt:quartaireeenheid,,Klei en/of zand over de gehele sequentie zonder veenlagen - Holoceen,,,,,,,,,,,,,cs:quartaireeenheid,,,,,,,cs:quartaireeenheid
ct:M04,skos:Concept,M04,colt:quartaireeenheid,,Klei en/of zand met aan de basis het basisveen - Holoceen,,,,,,,,,,,,,cs:quartaireeenheid,,,,,,,cs:quartaireeenheid
ct:M05,skos:Concept,M05,colt:quartaireeenheid,,Klei en/of zand over de gehele sequentie met aan het huidige oppervlak een dunne veenlaag - Holoceen,,,,,,,,,,,,,cs:quartaireeenheid,,,,,,,cs:quartaireeenheid
ct:M06,skos:Concept,M06,colt:quartaireeenheid,,Klei en/of zand over de gehele sequentie met aan het huidige oppervlak een dunne veenlaag en aan de basis het basisveen - Holoceen,,,,,,,,,,,,,cs:quartaireeenheid,,,,,,,cs:quartaireeenheid
ct:M07,skos:Concept,M07,colt:quartaireeenheid,,Klei en/of zand met intercalaties van één of meerdere verlandingsvenen en aan de basis het basisveen - Holoceen,,,,,,,,,,,,,cs:quartaireeenheid,,,,,,,cs:quartaireeenheid
ct:M08,skos:Concept,M08,colt:quartaireeenheid,,Afwisseling van klei en/of zand met een dunne veenlaag aan het oppervlak en aan de basis het basisveen - Holoceen,,,,,,,,,,,,,cs:quartaireeenheid,,,,,,,cs:quartaireeenheid
ct:M09,skos:Concept,M09,colt:quartaireeenheid,,Veen en/of organisch gyttja over de gehele sequentie met aan de top een klei- of zandlaag waarvan de dikte kleiner is dan de dikte van de veenlaag - Holoceen,,,,,,,,,,,,,cs:quartaireeenheid,,,,,,,cs:quartaireeenheid
ct:M10,skos:Concept,M10,colt:quartaireeenheid,,Klei en/of zand met intercalaties van één of meerdere verlandingsvenen en aan de basis het basisveen. Mogelijks veen aan het oppervlak - Holoceen,,,,,,,,,,,,,cs:quartaireeenheid,,,,,,,cs:quartaireeenheid
ct:M11,skos:Concept,M11,colt:quartaireeenheid,,Klei en/of zand met intercalaties van één of meerdere verlandingsvenen - Holoceen,,,,,,,,,,,,,cs:quartaireeenheid,,,,,,,cs:quartaireeenheid
ct:M12,skos:Concept,M12,colt:quartaireeenheid,,Dominant zandig facies - Holoceen,,,,,,,,,,,,,cs:quartaireeenheid,,,,,,,cs:quartaireeenheid
ct:M13,skos:Concept,M13,colt:quartaireeenheid,,Dominant kleiig facies - Holoceen,,,,,,,,,,,,,cs:quartaireeenheid,,,,,,,cs:quartaireeenheid
ct:M14,skos:Concept,M14,colt:quartaireeenheid,,Dominant kleiig facies - Eemien,,,,,,,,,,,,,cs:quartaireeenheid,,,,,,,cs:quartaireeenheid
ct:ON01,skos:Concept,ON01,colt:quartaireeenheid,,Onbekend - /,,,,,,,,,,,,,cs:quartaireeenheid,,,,,,,cs:quartaireeenheid
ct:T01,skos:Concept,T01,colt:quartaireeenheid,,Ondiep Tertiair substraat - Quartair  en Tertiair,,,,,,,,,,,,,cs:quartaireeenheid,,,,,,,cs:quartaireeenheid
ct:T02,skos:Concept,T02,colt:quartaireeenheid,,Pré-Quartaire sedimenten - /,,,,,,,,,,,,,cs:quartaireeenheid,,,,,,,cs:quartaireeenheid
ct:V01,skos:Concept,V01,colt:quartaireeenheid,,Venig complex - Tardiglaciaal en/of Holoceen,,,,,,,,,,,,,cs:quartaireeenheid,,,,,,,cs:quartaireeenheid
ct:V02,skos:Concept,V02,colt:quartaireeenheid,,Veen op kleiig facies - Tardiglaciaal en/of Holoceen,,,,,,,,,,,,,cs:quartaireeenheid,,,,,,,cs:quartaireeenheid
ct:V03,skos:Concept,V03,colt:quartaireeenheid,,Veen op zandig facies - Tardiglaciaal en/of Holoceen,,,,,,,,,,,,,cs:quartaireeenheid,,,,,,,cs:quartaireeenheid
ct:V04,skos:Concept,V04,colt:quartaireeenheid,,"Veen, kalktuf al dan niet met klastisch materiaal - Tardiglaciaal en/of Holoceen",,,,,,,,,,,,,cs:quartaireeenheid,,,,,,,cs:quartaireeenheid
ct:V05,skos:Concept,V05,colt:quartaireeenheid,,Venig facies (veen al dan niet met klastische sedimenten) - Tardiglaciaal en/of Holoceen,,,,,,,,,,,,,cs:quartaireeenheid,,,,,,,cs:quartaireeenheid
ct:V06,skos:Concept,V06,colt:quartaireeenheid,,Venig complex - Weichselien,,,,,,,,,,,,,cs:quartaireeenheid,,,,,,,cs:quartaireeenheid
