uri,dc.identifier,collections,notation,prefLabel,altLabel,broader,broaderTransitive,broadMatch,changeNote,closeMatch,definition,editorialNote,exactMatch,example,hiddenLabel,historyNote,inScheme,mappingRelation,note,related,relatedMatch,scopeNote,semanticRelation,topConceptOf
conceptscheme:quartaireeenheid,be.vlaanderen.bodemenondergrond.data.id.conceptscheme.quartaireeenheid,,,Quartaire eenheden,,,,,,,,,,,,,,,,,,,,
collectie:quartaireeenheid,be.vlaanderen.bodemenondergrond.data.id.collection.quartaireeenheid.quartaireeenheid,,,Collectie van quartaireeenheid.,,,,,,,,,,,,,conceptscheme:quartaireeenheid,,,,,,,
!,be.vlaanderen.bodemenondergrond.data.id.concept.quartaireeenheid.!,collectie:quartaireeenheid,!,Aanvulling,,,,,,,,,,,,,conceptscheme:quartaireeenheid,,,,,,,conceptscheme:quartaireeenheid
$,be.vlaanderen.bodemenondergrond.data.id.concept.quartaireeenheid.$,collectie:quartaireeenheid,$,Tertiair,,,,,,,,,,,,,conceptscheme:quartaireeenheid,,,,,,,conceptscheme:quartaireeenheid
A,be.vlaanderen.bodemenondergrond.data.id.concept.quartaireeenheid.A,collectie:quartaireeenheid,A,Zandig facies,,,,,,,,,,,,,conceptscheme:quartaireeenheid,,,,,,,conceptscheme:quartaireeenheid
B,be.vlaanderen.bodemenondergrond.data.id.concept.quartaireeenheid.B,collectie:quartaireeenheid,B,"Holoceen, Pleistoceen continentaal alluvium",,,,,,,,,,,,,conceptscheme:quartaireeenheid,,,,,,,conceptscheme:quartaireeenheid
C,be.vlaanderen.bodemenondergrond.data.id.concept.quartaireeenheid.C,collectie:quartaireeenheid,C,Eemiaan continentaal,,,,,,,,,,,,,conceptscheme:quartaireeenheid,,,,,,,conceptscheme:quartaireeenheid
D,be.vlaanderen.bodemenondergrond.data.id.concept.quartaireeenheid.D,collectie:quartaireeenheid,D,Weichseliaan  continentaal eolisch,,,,,,,,,,,,,conceptscheme:quartaireeenheid,,,,,,,conceptscheme:quartaireeenheid
D1,be.vlaanderen.bodemenondergrond.data.id.concept.quartaireeenheid.D1,collectie:quartaireeenheid,D1,Zandige facies op kleiig facies,,,,,,,,,,,,,conceptscheme:quartaireeenheid,,,,,,,conceptscheme:quartaireeenheid
E,be.vlaanderen.bodemenondergrond.data.id.concept.quartaireeenheid.E,collectie:quartaireeenheid,E,"Eemiaan, marien",,,,,,,,,,,,,conceptscheme:quartaireeenheid,,,,,,,conceptscheme:quartaireeenheid
F,be.vlaanderen.bodemenondergrond.data.id.concept.quartaireeenheid.F,collectie:quartaireeenheid,F,"Weichseliaan, continentaal, fluviatiel, periglaciaal",,,,,,,,,,,,,conceptscheme:quartaireeenheid,,,,,,,conceptscheme:quartaireeenheid
F',be.vlaanderen.bodemenondergrond.data.id.concept.quartaireeenheid.F',collectie:quartaireeenheid,F',Niet gedifferentieerd facies,,,,,,,,,,,,,conceptscheme:quartaireeenheid,,,,,,,conceptscheme:quartaireeenheid
F1,be.vlaanderen.bodemenondergrond.data.id.concept.quartaireeenheid.F1,collectie:quartaireeenheid,F1,"Weichseliaan, continentaal, fluviatiel, periglaciaal",,,,,,,,,,,,,conceptscheme:quartaireeenheid,,,,,,,conceptscheme:quartaireeenheid
F2,be.vlaanderen.bodemenondergrond.data.id.concept.quartaireeenheid.F2,collectie:quartaireeenheid,F2,"Weichseliaan, continentaal, fluviatiel, periglaciaal",,,,,,,,,,,,,conceptscheme:quartaireeenheid,,,,,,,conceptscheme:quartaireeenheid
F3,be.vlaanderen.bodemenondergrond.data.id.concept.quartaireeenheid.F3,collectie:quartaireeenheid,F3,"Weichseliaan, continentaal, fluviatiel, periglaciaal",,,,,,,,,,,,,conceptscheme:quartaireeenheid,,,,,,,conceptscheme:quartaireeenheid
G,be.vlaanderen.bodemenondergrond.data.id.concept.quartaireeenheid.G,collectie:quartaireeenheid,G,"Weichseliaan, continentaal, niveo-eolisch, fluviatiel",,,,,,,,,,,,,conceptscheme:quartaireeenheid,,,,,,,conceptscheme:quartaireeenheid
Gb,be.vlaanderen.bodemenondergrond.data.id.concept.quartaireeenheid.Gb,collectie:quartaireeenheid,Gb,Beekbodemgrind,,,,,,,,,,,,,conceptscheme:quartaireeenheid,,,,,,,conceptscheme:quartaireeenheid
Gh,be.vlaanderen.bodemenondergrond.data.id.concept.quartaireeenheid.Gh,collectie:quartaireeenheid,Gh,Hellingsgrind,,,,,,,,,,,,,conceptscheme:quartaireeenheid,,,,,,,conceptscheme:quartaireeenheid
Gk,be.vlaanderen.bodemenondergrond.data.id.concept.quartaireeenheid.Gk,collectie:quartaireeenheid,Gk,Grind,,,,,,,,,,,,,conceptscheme:quartaireeenheid,,,,,,,conceptscheme:quartaireeenheid
Gt,be.vlaanderen.bodemenondergrond.data.id.concept.quartaireeenheid.Gt,collectie:quartaireeenheid,Gt,Grind,,,,,,,,,,,,,conceptscheme:quartaireeenheid,,,,,,,conceptscheme:quartaireeenheid
Gv,be.vlaanderen.bodemenondergrond.data.id.concept.quartaireeenheid.Gv,collectie:quartaireeenheid,Gv,Valleibodemgrind,,,,,,,,,,,,,conceptscheme:quartaireeenheid,,,,,,,conceptscheme:quartaireeenheid
H,be.vlaanderen.bodemenondergrond.data.id.concept.quartaireeenheid.H,collectie:quartaireeenheid,H,Diachrone hellingsafzetting,,,,,,,,,,,,,conceptscheme:quartaireeenheid,,,,,,,conceptscheme:quartaireeenheid
H',be.vlaanderen.bodemenondergrond.data.id.concept.quartaireeenheid.H',collectie:quartaireeenheid,H',Niet gedifferentieerd grofkorrelig facies,,,,,,,,,,,,,conceptscheme:quartaireeenheid,,,,,,,conceptscheme:quartaireeenheid
K,be.vlaanderen.bodemenondergrond.data.id.concept.quartaireeenheid.K,collectie:quartaireeenheid,K,"Holoceen, continentaal alluvium",,,,,,,,,,,,,conceptscheme:quartaireeenheid,,,,,,,conceptscheme:quartaireeenheid
K1,be.vlaanderen.bodemenondergrond.data.id.concept.quartaireeenheid.K1,collectie:quartaireeenheid,K1,"Holoceen, continentaal alluvium",,,,,,,,,,,,,conceptscheme:quartaireeenheid,,,,,,,conceptscheme:quartaireeenheid
K2,be.vlaanderen.bodemenondergrond.data.id.concept.quartaireeenheid.K2,collectie:quartaireeenheid,K2,"Holoceen, continentaal alluvium",,,,,,,,,,,,,conceptscheme:quartaireeenheid,,,,,,,conceptscheme:quartaireeenheid
M,be.vlaanderen.bodemenondergrond.data.id.concept.quartaireeenheid.M,collectie:quartaireeenheid,M,"Holoceen, marien",,,,,,,,,,,,,conceptscheme:quartaireeenheid,,,,,,,conceptscheme:quartaireeenheid
N,be.vlaanderen.bodemenondergrond.data.id.concept.quartaireeenheid.N,collectie:quartaireeenheid,N,"Weichseliaan, continentaal, niveo-eolisch",,,,,,,,,,,,,conceptscheme:quartaireeenheid,,,,,,,conceptscheme:quartaireeenheid
O,be.vlaanderen.bodemenondergrond.data.id.concept.quartaireeenheid.O,collectie:quartaireeenheid,O,"Niet gedifferentieerd klastisch facies, veen, mogelijks kalkgyttja",,,,,,,,,,,,,conceptscheme:quartaireeenheid,,,,,,,conceptscheme:quartaireeenheid
P,be.vlaanderen.bodemenondergrond.data.id.concept.quartaireeenheid.P,collectie:quartaireeenheid,P,Dominant zandige facies,,,,,,,,,,,,,conceptscheme:quartaireeenheid,,,,,,,conceptscheme:quartaireeenheid
Q,be.vlaanderen.bodemenondergrond.data.id.concept.quartaireeenheid.Q,collectie:quartaireeenheid,Q,Kwartair,,,,,,,,,,,,,conceptscheme:quartaireeenheid,,,,,,,conceptscheme:quartaireeenheid
R,be.vlaanderen.bodemenondergrond.data.id.concept.quartaireeenheid.R,collectie:quartaireeenheid,R,Diachroon,,,,,,,,,,,,,conceptscheme:quartaireeenheid,,,,,,,conceptscheme:quartaireeenheid
Rb,be.vlaanderen.bodemenondergrond.data.id.concept.quartaireeenheid.Rb,collectie:quartaireeenheid,Rb,Beekbodemgrind,,,,,,,,,,,,,conceptscheme:quartaireeenheid,,,,,,,conceptscheme:quartaireeenheid
Rf,be.vlaanderen.bodemenondergrond.data.id.concept.quartaireeenheid.Rf,collectie:quartaireeenheid,Rf,Grindrijk zand - puinwaaier,,,,,,,,,,,,,conceptscheme:quartaireeenheid,,,,,,,conceptscheme:quartaireeenheid
Rh,be.vlaanderen.bodemenondergrond.data.id.concept.quartaireeenheid.Rh,collectie:quartaireeenheid,Rh,Hellingsgrind,,,,,,,,,,,,,conceptscheme:quartaireeenheid,,,,,,,conceptscheme:quartaireeenheid
Ru,be.vlaanderen.bodemenondergrond.data.id.concept.quartaireeenheid.Ru,collectie:quartaireeenheid,Ru,Grind,,,,,,,,,,,,,conceptscheme:quartaireeenheid,,,,,,,conceptscheme:quartaireeenheid
S,be.vlaanderen.bodemenondergrond.data.id.concept.quartaireeenheid.S,collectie:quartaireeenheid,S,Saale afzettingen,,,,,,,,,,,,,conceptscheme:quartaireeenheid,,,,,,,conceptscheme:quartaireeenheid
S',be.vlaanderen.bodemenondergrond.data.id.concept.quartaireeenheid.S',collectie:quartaireeenheid,S',Niet gedifferentieerd facies,,,,,,,,,,,,,conceptscheme:quartaireeenheid,,,,,,,conceptscheme:quartaireeenheid
U,be.vlaanderen.bodemenondergrond.data.id.concept.quartaireeenheid.U,collectie:quartaireeenheid,U,Onbekend,,,,,,,,,,,,,conceptscheme:quartaireeenheid,,,,,,,conceptscheme:quartaireeenheid
V',be.vlaanderen.bodemenondergrond.data.id.concept.quartaireeenheid.V',collectie:quartaireeenheid,V',Venig complex,,,,,,,,,,,,,conceptscheme:quartaireeenheid,,,,,,,conceptscheme:quartaireeenheid
V1,be.vlaanderen.bodemenondergrond.data.id.concept.quartaireeenheid.V1,collectie:quartaireeenheid,V1,Veen op kleiig facies,,,,,,,,,,,,,conceptscheme:quartaireeenheid,,,,,,,conceptscheme:quartaireeenheid
V2,be.vlaanderen.bodemenondergrond.data.id.concept.quartaireeenheid.V2,collectie:quartaireeenheid,V2,Veen op zandig facies,,,,,,,,,,,,,conceptscheme:quartaireeenheid,,,,,,,conceptscheme:quartaireeenheid
W1,be.vlaanderen.bodemenondergrond.data.id.concept.quartaireeenheid.W1,collectie:quartaireeenheid,W1,Klei en/of zand over gehele sequentie en bedekt met eolische afzettingen,,,,,,,,,,,,,conceptscheme:quartaireeenheid,,,,,,,conceptscheme:quartaireeenheid
W3,be.vlaanderen.bodemenondergrond.data.id.concept.quartaireeenheid.W3,collectie:quartaireeenheid,W3,Klei en/of zand over de gehele sequentie en bedekt met eolische afzettingen,,,,,,,,,,,,,conceptscheme:quartaireeenheid,,,,,,,conceptscheme:quartaireeenheid
X,be.vlaanderen.bodemenondergrond.data.id.concept.quartaireeenheid.X,collectie:quartaireeenheid,X,"Saale, continentaal",,,,,,,,,,,,,conceptscheme:quartaireeenheid,,,,,,,conceptscheme:quartaireeenheid
X1,be.vlaanderen.bodemenondergrond.data.id.concept.quartaireeenheid.X1,collectie:quartaireeenheid,X1,Klei en/of zand over de gehele sequentie zonder veenlagen,,,,,,,,,,,,,conceptscheme:quartaireeenheid,,,,,,,conceptscheme:quartaireeenheid
X11,be.vlaanderen.bodemenondergrond.data.id.concept.quartaireeenheid.X11,collectie:quartaireeenheid,X11,"Klei en/of zand, geulopvulling over gehele sequentie",,,,,,,,,,,,,conceptscheme:quartaireeenheid,,,,,,,conceptscheme:quartaireeenheid
X2,be.vlaanderen.bodemenondergrond.data.id.concept.quartaireeenheid.X2,collectie:quartaireeenheid,X2,Klei en/of zand met aan de basis het basisveen,,,,,,,,,,,,,conceptscheme:quartaireeenheid,,,,,,,conceptscheme:quartaireeenheid
X3,be.vlaanderen.bodemenondergrond.data.id.concept.quartaireeenheid.X3,collectie:quartaireeenheid,X3,Klei en/of zand over de gehele sequentie met aan het huidige oppervlak een dunne veenlaag,,,,,,,,,,,,,conceptscheme:quartaireeenheid,,,,,,,conceptscheme:quartaireeenheid
X4,be.vlaanderen.bodemenondergrond.data.id.concept.quartaireeenheid.X4,collectie:quartaireeenheid,X4,Klei en/of zand over de gehele sequentie met aan het huidige oppervlak een dunne veenlaag en aan de basis het basisveen,,,,,,,,,,,,,conceptscheme:quartaireeenheid,,,,,,,conceptscheme:quartaireeenheid
Y,be.vlaanderen.bodemenondergrond.data.id.concept.quartaireeenheid.Y,collectie:quartaireeenheid,Y,Pre-Saale continentaal,,,,,,,,,,,,,conceptscheme:quartaireeenheid,,,,,,,conceptscheme:quartaireeenheid
Y1,be.vlaanderen.bodemenondergrond.data.id.concept.quartaireeenheid.Y1,collectie:quartaireeenheid,Y1,Klei en/of zand met intercalaties van één of meerdere verlandingsvenen,,,,,,,,,,,,,conceptscheme:quartaireeenheid,,,,,,,conceptscheme:quartaireeenheid
Y2,be.vlaanderen.bodemenondergrond.data.id.concept.quartaireeenheid.Y2,collectie:quartaireeenheid,Y2,Klei en/of zand met intercalaties van één of meerdere verlandingsvenen en aan de basis het basisveen,,,,,,,,,,,,,conceptscheme:quartaireeenheid,,,,,,,conceptscheme:quartaireeenheid
Y4,be.vlaanderen.bodemenondergrond.data.id.concept.quartaireeenheid.Y4,collectie:quartaireeenheid,Y4,Afwisseling van klei en/of zand met een dunne veenlaag aan het oppervlak en aan de basis het basisveen,,,,,,,,,,,,,conceptscheme:quartaireeenheid,,,,,,,conceptscheme:quartaireeenheid
Z,be.vlaanderen.bodemenondergrond.data.id.concept.quartaireeenheid.Z,collectie:quartaireeenheid,Z,Zand,,,,,,,,,,,,,conceptscheme:quartaireeenheid,,,,,,,conceptscheme:quartaireeenheid
Z3,be.vlaanderen.bodemenondergrond.data.id.concept.quartaireeenheid.Z3,collectie:quartaireeenheid,Z3,Veen en/of organisch gyttja over de gehele sequentie met aan de top een klei- of zandlaag waarvan de dikte kleiner is dan de dikte van de veenlaag,,,,,,,,,,,,,conceptscheme:quartaireeenheid,,,,,,,conceptscheme:quartaireeenheid
A01,be.vlaanderen.bodemenondergrond.data.id.concept.quartaireeenheid.A01,collectie:quartaireeenheid,A01,"Aangebracht, antropogeen - /",,,,,,,,,,,,,conceptscheme:quartaireeenheid,,,,,,,conceptscheme:quartaireeenheid
a',be.vlaanderen.bodemenondergrond.data.id.concept.quartaireeenheid.a',collectie:quartaireeenheid,a',Lichte zandleem tot silt,,,,,,,,,,,,,conceptscheme:quartaireeenheid,,,,,,,conceptscheme:quartaireeenheid
b,be.vlaanderen.bodemenondergrond.data.id.concept.quartaireeenheid.b,collectie:quartaireeenheid,b,"Holoceen, Pleistoceen, continentaal alluvium",,,,,,,,,,,,,conceptscheme:quartaireeenheid,,,,,,,conceptscheme:quartaireeenheid
c,be.vlaanderen.bodemenondergrond.data.id.concept.quartaireeenheid.c,collectie:quartaireeenheid,c,Eemiaan continentaal,,,,,,,,,,,,,conceptscheme:quartaireeenheid,,,,,,,conceptscheme:quartaireeenheid
c°,be.vlaanderen.bodemenondergrond.data.id.concept.quartaireeenheid.c°,collectie:quartaireeenheid,c°,"Fining-up cyclus, mogelijks met veen",,,,,,,,,,,,,conceptscheme:quartaireeenheid,,,,,,,conceptscheme:quartaireeenheid
d,be.vlaanderen.bodemenondergrond.data.id.concept.quartaireeenheid.d,collectie:quartaireeenheid,d,"Weichseliaan, continentaal, eolisch",,,,,,,,,,,,,conceptscheme:quartaireeenheid,,,,,,,conceptscheme:quartaireeenheid
d1,be.vlaanderen.bodemenondergrond.data.id.concept.quartaireeenheid.d1,collectie:quartaireeenheid,d1,Kleiig facies op zandig facies,,,,,,,,,,,,,conceptscheme:quartaireeenheid,,,,,,,conceptscheme:quartaireeenheid
e,be.vlaanderen.bodemenondergrond.data.id.concept.quartaireeenheid.e,collectie:quartaireeenheid,e,"Eemiaan, marien",,,,,,,,,,,,,conceptscheme:quartaireeenheid,,,,,,,conceptscheme:quartaireeenheid
e',be.vlaanderen.bodemenondergrond.data.id.concept.quartaireeenheid.e',collectie:quartaireeenheid,e',"Niet gedifferentieerd facies, mogelijks veen",,,,,,,,,,,,,conceptscheme:quartaireeenheid,,,,,,,conceptscheme:quartaireeenheid
f,be.vlaanderen.bodemenondergrond.data.id.concept.quartaireeenheid.f,collectie:quartaireeenheid,f,"Weichseliaan, continentaal, fluviatiel, periglaciaal",,,,,,,,,,,,,conceptscheme:quartaireeenheid,,,,,,,conceptscheme:quartaireeenheid
f',be.vlaanderen.bodemenondergrond.data.id.concept.quartaireeenheid.f',collectie:quartaireeenheid,f',Niet gedifferentieerd fijn klastisch facies,,,,,,,,,,,,,conceptscheme:quartaireeenheid,,,,,,,conceptscheme:quartaireeenheid
f1,be.vlaanderen.bodemenondergrond.data.id.concept.quartaireeenheid.f1,collectie:quartaireeenheid,f1,"Weichseliaan, continentaal, fluviatiel, periglaciaal",,,,,,,,,,,,,conceptscheme:quartaireeenheid,,,,,,,conceptscheme:quartaireeenheid
f2,be.vlaanderen.bodemenondergrond.data.id.concept.quartaireeenheid.f2,collectie:quartaireeenheid,f2,"Weichseliaan, continentaal, fluviatiel, periglaciaal",,,,,,,,,,,,,conceptscheme:quartaireeenheid,,,,,,,conceptscheme:quartaireeenheid
f3,be.vlaanderen.bodemenondergrond.data.id.concept.quartaireeenheid.f3,collectie:quartaireeenheid,f3,"Weichseliaan, continentaal, fluviatiel, periglaciaal",,,,,,,,,,,,,conceptscheme:quartaireeenheid,,,,,,,conceptscheme:quartaireeenheid
f°,be.vlaanderen.bodemenondergrond.data.id.concept.quartaireeenheid.f°,collectie:quartaireeenheid,f°,"Fining-up cyclus (cycli), mogelijks met veen",,,,,,,,,,,,,conceptscheme:quartaireeenheid,,,,,,,conceptscheme:quartaireeenheid
g,be.vlaanderen.bodemenondergrond.data.id.concept.quartaireeenheid.g,collectie:quartaireeenheid,g,"Weichseliaan, continentaal, niveo-eolisch, fluviatiel",,,,,,,,,,,,,conceptscheme:quartaireeenheid,,,,,,,conceptscheme:quartaireeenheid
h,be.vlaanderen.bodemenondergrond.data.id.concept.quartaireeenheid.h,collectie:quartaireeenheid,h,Diachroon,,,,,,,,,,,,,conceptscheme:quartaireeenheid,,,,,,,conceptscheme:quartaireeenheid
h',be.vlaanderen.bodemenondergrond.data.id.concept.quartaireeenheid.h',collectie:quartaireeenheid,h',Niet gedifferentieerd facies,,,,,,,,,,,,,conceptscheme:quartaireeenheid,,,,,,,conceptscheme:quartaireeenheid
i,be.vlaanderen.bodemenondergrond.data.id.concept.quartaireeenheid.i,collectie:quartaireeenheid,i,Zandig/kleiig complex,,,,,,,,,,,,,conceptscheme:quartaireeenheid,,,,,,,conceptscheme:quartaireeenheid
j,be.vlaanderen.bodemenondergrond.data.id.concept.quartaireeenheid.j,collectie:quartaireeenheid,j,Silteus tot kleiig facies,,,,,,,,,,,,,conceptscheme:quartaireeenheid,,,,,,,conceptscheme:quartaireeenheid
j',be.vlaanderen.bodemenondergrond.data.id.concept.quartaireeenheid.j',collectie:quartaireeenheid,j',Niet gedifferentieerd facies,,,,,,,,,,,,,conceptscheme:quartaireeenheid,,,,,,,conceptscheme:quartaireeenheid
k,be.vlaanderen.bodemenondergrond.data.id.concept.quartaireeenheid.k,collectie:quartaireeenheid,k,"Holoceen, continentaal alluvium",,,,,,,,,,,,,conceptscheme:quartaireeenheid,,,,,,,conceptscheme:quartaireeenheid
k',be.vlaanderen.bodemenondergrond.data.id.concept.quartaireeenheid.k',collectie:quartaireeenheid,k',"Niet gedifferentieerd facies, veen en kalftuf mogelijks aanwezig",,,,,,,,,,,,,conceptscheme:quartaireeenheid,,,,,,,conceptscheme:quartaireeenheid
k1,be.vlaanderen.bodemenondergrond.data.id.concept.quartaireeenheid.k1,collectie:quartaireeenheid,k1,"Holoceen, continentaal alluvium",,,,,,,,,,,,,conceptscheme:quartaireeenheid,,,,,,,conceptscheme:quartaireeenheid
k2,be.vlaanderen.bodemenondergrond.data.id.concept.quartaireeenheid.k2,collectie:quartaireeenheid,k2,"Holoceen, continentaal alluvium",,,,,,,,,,,,,conceptscheme:quartaireeenheid,,,,,,,conceptscheme:quartaireeenheid
l,be.vlaanderen.bodemenondergrond.data.id.concept.quartaireeenheid.l,collectie:quartaireeenheid,l,"Weichseliaan, continentaal",,,,,,,,,,,,,conceptscheme:quartaireeenheid,,,,,,,conceptscheme:quartaireeenheid
m,be.vlaanderen.bodemenondergrond.data.id.concept.quartaireeenheid.m,collectie:quartaireeenheid,m,"Holoceen, marien",,,,,,,,,,,,,conceptscheme:quartaireeenheid,,,,,,,conceptscheme:quartaireeenheid
n,be.vlaanderen.bodemenondergrond.data.id.concept.quartaireeenheid.n,collectie:quartaireeenheid,n,"Weichseliaan, continentaal, niveo-eolisch",,,,,,,,,,,,,conceptscheme:quartaireeenheid,,,,,,,conceptscheme:quartaireeenheid
o,be.vlaanderen.bodemenondergrond.data.id.concept.quartaireeenheid.o,collectie:quartaireeenheid,o,Holoceen - Pleistoceen overgang,,,,,,,,,,,,,conceptscheme:quartaireeenheid,,,,,,,conceptscheme:quartaireeenheid
p,be.vlaanderen.bodemenondergrond.data.id.concept.quartaireeenheid.p,collectie:quartaireeenheid,p,Perimarien,,,,,,,,,,,,,conceptscheme:quartaireeenheid,,,,,,,conceptscheme:quartaireeenheid
p',be.vlaanderen.bodemenondergrond.data.id.concept.quartaireeenheid.p',collectie:quartaireeenheid,p',Niet gedifferentieerd facies (zandig tot kleiig),,,,,,,,,,,,,conceptscheme:quartaireeenheid,,,,,,,conceptscheme:quartaireeenheid
q,be.vlaanderen.bodemenondergrond.data.id.concept.quartaireeenheid.q,collectie:quartaireeenheid,q,Silteus tot kleiig facies,,,,,,,,,,,,,conceptscheme:quartaireeenheid,,,,,,,conceptscheme:quartaireeenheid
q',be.vlaanderen.bodemenondergrond.data.id.concept.quartaireeenheid.q',collectie:quartaireeenheid,q',Niet gedifferentieerd,,,,,,,,,,,,,conceptscheme:quartaireeenheid,,,,,,,conceptscheme:quartaireeenheid
t,be.vlaanderen.bodemenondergrond.data.id.concept.quartaireeenheid.t,collectie:quartaireeenheid,t,Kleiig/zandig complex (Lid van Turnhout),,,,,,,,,,,,,conceptscheme:quartaireeenheid,,,,,,,conceptscheme:quartaireeenheid
y,be.vlaanderen.bodemenondergrond.data.id.concept.quartaireeenheid.y,collectie:quartaireeenheid,y,Pré-Saaliaan continentaal,,,,,,,,,,,,,conceptscheme:quartaireeenheid,,,,,,,conceptscheme:quartaireeenheid
y',be.vlaanderen.bodemenondergrond.data.id.concept.quartaireeenheid.y',collectie:quartaireeenheid,y',Dominant zandig facies,,,,,,,,,,,,,conceptscheme:quartaireeenheid,,,,,,,conceptscheme:quartaireeenheid
z,be.vlaanderen.bodemenondergrond.data.id.concept.quartaireeenheid.z,collectie:quartaireeenheid,z,?,,,,,,,,,,,,,conceptscheme:quartaireeenheid,,,,,,,conceptscheme:quartaireeenheid
£,be.vlaanderen.bodemenondergrond.data.id.concept.quartaireeenheid.£,collectie:quartaireeenheid,£,"Zand- en grindfacies (Maas en Rijn, Lommel)",,,,,,,,,,,,,conceptscheme:quartaireeenheid,,,,,,,conceptscheme:quartaireeenheid
¥,be.vlaanderen.bodemenondergrond.data.id.concept.quartaireeenheid.¥,collectie:quartaireeenheid,¥,"Grindfacies (Maas en Rijn, Lixhe",,,,,,,,,,,,,conceptscheme:quartaireeenheid,,,,,,,conceptscheme:quartaireeenheid
Æ,be.vlaanderen.bodemenondergrond.data.id.concept.quartaireeenheid.Æ,collectie:quartaireeenheid,Æ,Zandig facies,,,,,,,,,,,,,conceptscheme:quartaireeenheid,,,,,,,conceptscheme:quartaireeenheid
å,be.vlaanderen.bodemenondergrond.data.id.concept.quartaireeenheid.å,collectie:quartaireeenheid,å,"Silt met intercalaties van kleiige, venige en/of zandige laagjes",,,,,,,,,,,,,conceptscheme:quartaireeenheid,,,,,,,conceptscheme:quartaireeenheid
u,be.vlaanderen.bodemenondergrond.data.id.concept.quartaireeenheid.u,collectie:quartaireeenheid,u,Kleiig/zandig complex (Lid van Rijkevorsel),,,,,,,,,,,,,conceptscheme:quartaireeenheid,,,,,,,conceptscheme:quartaireeenheid
v,be.vlaanderen.bodemenondergrond.data.id.concept.quartaireeenheid.v,collectie:quartaireeenheid,v,"Holoceen, continentaal",,,,,,,,,,,,,conceptscheme:quartaireeenheid,,,,,,,conceptscheme:quartaireeenheid
v',be.vlaanderen.bodemenondergrond.data.id.concept.quartaireeenheid.v',collectie:quartaireeenheid,v',Venig complex,,,,,,,,,,,,,conceptscheme:quartaireeenheid,,,,,,,conceptscheme:quartaireeenheid
w,be.vlaanderen.bodemenondergrond.data.id.concept.quartaireeenheid.w,collectie:quartaireeenheid,w,Dominant zandig facies,,,,,,,,,,,,,conceptscheme:quartaireeenheid,,,,,,,conceptscheme:quartaireeenheid
w',be.vlaanderen.bodemenondergrond.data.id.concept.quartaireeenheid.w',collectie:quartaireeenheid,w',Niet gedifferentieerd facies,,,,,,,,,,,,,conceptscheme:quartaireeenheid,,,,,,,conceptscheme:quartaireeenheid
x,be.vlaanderen.bodemenondergrond.data.id.concept.quartaireeenheid.x,collectie:quartaireeenheid,x,Saale continentaal,,,,,,,,,,,,,conceptscheme:quartaireeenheid,,,,,,,conceptscheme:quartaireeenheid
x',be.vlaanderen.bodemenondergrond.data.id.concept.quartaireeenheid.x',collectie:quartaireeenheid,x',Dominant zandig facies met bodemhorizonten en veenlagen (Lid van Beerse),,,,,,,,,,,,,conceptscheme:quartaireeenheid,,,,,,,conceptscheme:quartaireeenheid
¦,be.vlaanderen.bodemenondergrond.data.id.concept.quartaireeenheid.¦,collectie:quartaireeenheid,¦,"Kleiig tot grindrijk facies (Maas en Rijn, Leut)",,,,,,,,,,,,,conceptscheme:quartaireeenheid,,,,,,,conceptscheme:quartaireeenheid
§,be.vlaanderen.bodemenondergrond.data.id.concept.quartaireeenheid.§,collectie:quartaireeenheid,§,Zandig facies tot grindfacies (Schelde),,,,,,,,,,,,,conceptscheme:quartaireeenheid,,,,,,,conceptscheme:quartaireeenheid
©,be.vlaanderen.bodemenondergrond.data.id.concept.quartaireeenheid.©,collectie:quartaireeenheid,©,Fijn zand tot klei,,,,,,,,,,,,,conceptscheme:quartaireeenheid,,,,,,,conceptscheme:quartaireeenheid
®,be.vlaanderen.bodemenondergrond.data.id.concept.quartaireeenheid.®,collectie:quartaireeenheid,®,"Zand, soms grind",,,,,,,,,,,,,conceptscheme:quartaireeenheid,,,,,,,conceptscheme:quartaireeenheid
µ,be.vlaanderen.bodemenondergrond.data.id.concept.quartaireeenheid.µ,collectie:quartaireeenheid,µ,Complex van Melle,,,,,,,,,,,,,conceptscheme:quartaireeenheid,,,,,,,conceptscheme:quartaireeenheid
Á,be.vlaanderen.bodemenondergrond.data.id.concept.quartaireeenheid.Á,collectie:quartaireeenheid,Á,Zand tot zandleem met mogelijks in het basisgedeelte een alternatie van fijnere en grovere laagjes,,,,,,,,,,,,,conceptscheme:quartaireeenheid,,,,,,,conceptscheme:quartaireeenheid
Ç,be.vlaanderen.bodemenondergrond.data.id.concept.quartaireeenheid.Ç,collectie:quartaireeenheid,Ç,Ondiep Tertiair substraat,,,,,,,,,,,,,conceptscheme:quartaireeenheid,,,,,,,conceptscheme:quartaireeenheid
Ø,be.vlaanderen.bodemenondergrond.data.id.concept.quartaireeenheid.Ø,collectie:quartaireeenheid,Ø,"Grind facies (Maas en Rijn, Lanklaar)",,,,,,,,,,,,,conceptscheme:quartaireeenheid,,,,,,,conceptscheme:quartaireeenheid
Þ,be.vlaanderen.bodemenondergrond.data.id.concept.quartaireeenheid.Þ,collectie:quartaireeenheid,Þ,"Zand- en grindfacies (Maas en Rijn, Winterslag)",,,,,,,,,,,,,conceptscheme:quartaireeenheid,,,,,,,conceptscheme:quartaireeenheid
ß,be.vlaanderen.bodemenondergrond.data.id.concept.quartaireeenheid.ß,collectie:quartaireeenheid,ß,"Zand- en grindfacies (Maas en Rijn, Bocholt)",,,,,,,,,,,,,conceptscheme:quartaireeenheid,,,,,,,conceptscheme:quartaireeenheid
á,be.vlaanderen.bodemenondergrond.data.id.concept.quartaireeenheid.á,collectie:quartaireeenheid,á,Klei tot kleiig zand,,,,,,,,,,,,,conceptscheme:quartaireeenheid,,,,,,,conceptscheme:quartaireeenheid
â,be.vlaanderen.bodemenondergrond.data.id.concept.quartaireeenheid.â,collectie:quartaireeenheid,â,"Homogeen silt gevolgd door silt met intercalaties van kleiige, venige en/of zandige laagjes",,,,,,,,,,,,,conceptscheme:quartaireeenheid,,,,,,,conceptscheme:quartaireeenheid
æ,be.vlaanderen.bodemenondergrond.data.id.concept.quartaireeenheid.æ,collectie:quartaireeenheid,æ,Homogene silt en silt met intercalaties van kleiige en zandige laagjes,,,,,,,,,,,,,conceptscheme:quartaireeenheid,,,,,,,conceptscheme:quartaireeenheid
ç,be.vlaanderen.bodemenondergrond.data.id.concept.quartaireeenheid.ç,collectie:quartaireeenheid,ç,Herwerkte Tertiaire afzettingen,,,,,,,,,,,,,conceptscheme:quartaireeenheid,,,,,,,conceptscheme:quartaireeenheid
ç',be.vlaanderen.bodemenondergrond.data.id.concept.quartaireeenheid.ç',collectie:quartaireeenheid,ç',Herwerkte afzettingen,,,,,,,,,,,,,conceptscheme:quartaireeenheid,,,,,,,conceptscheme:quartaireeenheid
é,be.vlaanderen.bodemenondergrond.data.id.concept.quartaireeenheid.é,collectie:quartaireeenheid,é,Zandig/kleiig - silteus complex,,,,,,,,,,,,,conceptscheme:quartaireeenheid,,,,,,,conceptscheme:quartaireeenheid
ô,be.vlaanderen.bodemenondergrond.data.id.concept.quartaireeenheid.ô,collectie:quartaireeenheid,ô,"Holoceen, continentaal eolisch",,,,,,,,,,,,,conceptscheme:quartaireeenheid,,,,,,,conceptscheme:quartaireeenheid
õ,be.vlaanderen.bodemenondergrond.data.id.concept.quartaireeenheid.õ,collectie:quartaireeenheid,õ,"Holoceen, Pleistoceen, continentaal eolisch",,,,,,,,,,,,,conceptscheme:quartaireeenheid,,,,,,,conceptscheme:quartaireeenheid
ÿ,be.vlaanderen.bodemenondergrond.data.id.concept.quartaireeenheid.ÿ,collectie:quartaireeenheid,ÿ,Zandig complex,,,,,,,,,,,,,conceptscheme:quartaireeenheid,,,,,,,conceptscheme:quartaireeenheid
#,be.vlaanderen.bodemenondergrond.data.id.concept.quartaireeenheid.#,collectie:quartaireeenheid,#,Herwerkt tertiair,,,,,,,,,,,,,conceptscheme:quartaireeenheid,,,,,,,conceptscheme:quartaireeenheid
grind,be.vlaanderen.bodemenondergrond.data.id.concept.quartaireeenheid.grind,collectie:quartaireeenheid,<<,"Grind (Maas en Rijn, Eisden-Lanklaar)",,,,,,,,,,,,,conceptscheme:quartaireeenheid,,,,,,,conceptscheme:quartaireeenheid
?,be.vlaanderen.bodemenondergrond.data.id.concept.quartaireeenheid.?,collectie:quartaireeenheid,?,"Kleiig tot grindrijk facies (Maas en Rijn, Leut)",,,,,,,,,,,,,conceptscheme:quartaireeenheid,,,,,,,conceptscheme:quartaireeenheid
vierkant_haakje,be.vlaanderen.bodemenondergrond.data.id.concept.quartaireeenheid.vierkant_haakje,collectie:quartaireeenheid,],Fining-up sequentie (Schelde),,,,,,,,,,,,,conceptscheme:quartaireeenheid,,,,,,,conceptscheme:quartaireeenheid
hoedje,be.vlaanderen.bodemenondergrond.data.id.concept.quartaireeenheid.hoedje,collectie:quartaireeenheid,^,"Grind facies (Maas en Rijn, Zutendaal)",,,,,,,,,,,,,conceptscheme:quartaireeenheid,,,,,,,conceptscheme:quartaireeenheid
hoedjeF,be.vlaanderen.bodemenondergrond.data.id.concept.quartaireeenheid.hoedjeF,collectie:quartaireeenheid,^F,Grindhoudend en grindrijk zand tot grind,,,,,,,,,,,,,conceptscheme:quartaireeenheid,,,,,,,conceptscheme:quartaireeenheid
hoedjeH,be.vlaanderen.bodemenondergrond.data.id.concept.quartaireeenheid.hoedjeH,collectie:quartaireeenheid,^H,Grindrijk facies,,,,,,,,,,,,,conceptscheme:quartaireeenheid,,,,,,,conceptscheme:quartaireeenheid
hoedjeK,be.vlaanderen.bodemenondergrond.data.id.concept.quartaireeenheid.hoedjeK,collectie:quartaireeenheid,^K,Grind tot grindrijk zandig facies,,,,,,,,,,,,,conceptscheme:quartaireeenheid,,,,,,,conceptscheme:quartaireeenheid
hoedjeQ,be.vlaanderen.bodemenondergrond.data.id.concept.quartaireeenheid.hoedjeQ,collectie:quartaireeenheid,^Q,Grindrijk facies,,,,,,,,,,,,,conceptscheme:quartaireeenheid,,,,,,,conceptscheme:quartaireeenheid
hoedjeW,be.vlaanderen.bodemenondergrond.data.id.concept.quartaireeenheid.hoedjeW,collectie:quartaireeenheid,^W,Grindrijk facies,,,,,,,,,,,,,conceptscheme:quartaireeenheid,,,,,,,conceptscheme:quartaireeenheid
a,be.vlaanderen.bodemenondergrond.data.id.concept.quartaireeenheid.a,collectie:quartaireeenheid,a,"Weichseliaan, continentaal, hellingsafzettingen",,,,,,,,,,,,,conceptscheme:quartaireeenheid,,,,,,,conceptscheme:quartaireeenheid
D01,be.vlaanderen.bodemenondergrond.data.id.concept.quartaireeenheid.D01,collectie:quartaireeenheid,D01,Zandig facies - Diachroon,,,,,,,,,,,,,conceptscheme:quartaireeenheid,,,,,,,conceptscheme:quartaireeenheid
D02,be.vlaanderen.bodemenondergrond.data.id.concept.quartaireeenheid.D02,collectie:quartaireeenheid,D02,Grindrijk facies - Diachroon,,,,,,,,,,,,,conceptscheme:quartaireeenheid,,,,,,,conceptscheme:quartaireeenheid
D03,be.vlaanderen.bodemenondergrond.data.id.concept.quartaireeenheid.D03,collectie:quartaireeenheid,D03,Silteus tot kleiig facies - Diachroon,,,,,,,,,,,,,conceptscheme:quartaireeenheid,,,,,,,conceptscheme:quartaireeenheid
D04,be.vlaanderen.bodemenondergrond.data.id.concept.quartaireeenheid.D04,collectie:quartaireeenheid,D04,Niet gedifferentieerd - Diachroon,,,,,,,,,,,,,conceptscheme:quartaireeenheid,,,,,,,conceptscheme:quartaireeenheid
E01,be.vlaanderen.bodemenondergrond.data.id.concept.quartaireeenheid.E01,collectie:quartaireeenheid,E01,Klei en/of zand over de gehele sequentie en bedekt met eolische afzettingen - Holoceen,,,,,,,,,,,,,conceptscheme:quartaireeenheid,,,,,,,conceptscheme:quartaireeenheid
E02,be.vlaanderen.bodemenondergrond.data.id.concept.quartaireeenheid.E02,collectie:quartaireeenheid,E02,Klei en/of zand over de gehele sequentie en bedekt met een veenlaag direct onder de eolische afzettingen - Holoceen,,,,,,,,,,,,,conceptscheme:quartaireeenheid,,,,,,,conceptscheme:quartaireeenheid
E03,be.vlaanderen.bodemenondergrond.data.id.concept.quartaireeenheid.E03,collectie:quartaireeenheid,E03,Zand - Tardiglaciaal en/of Holoceen,,,,,,,,,,,,,conceptscheme:quartaireeenheid,,,,,,,conceptscheme:quartaireeenheid
E04,be.vlaanderen.bodemenondergrond.data.id.concept.quartaireeenheid.E04,collectie:quartaireeenheid,E04,Zandig facies - Laat-Pleniglaciaal (Weichselien) en/of Vroeg-Holoceen,,,,,,,,,,,,,conceptscheme:quartaireeenheid,,,,,,,conceptscheme:quartaireeenheid
E05,be.vlaanderen.bodemenondergrond.data.id.concept.quartaireeenheid.E05,collectie:quartaireeenheid,E05,Silteus facies - Laat-Pleniglaciaal (Weichselien) en/of Vroeg-Holoceen,,,,,,,,,,,,,conceptscheme:quartaireeenheid,,,,,,,conceptscheme:quartaireeenheid
E06,be.vlaanderen.bodemenondergrond.data.id.concept.quartaireeenheid.E06,collectie:quartaireeenheid,E06,Zandig facies - Weichselien,,,,,,,,,,,,,conceptscheme:quartaireeenheid,,,,,,,conceptscheme:quartaireeenheid
E07,be.vlaanderen.bodemenondergrond.data.id.concept.quartaireeenheid.E07,collectie:quartaireeenheid,E07,Zand tot zandleem met mogelijks in het basisgedeelte een alternatie van fijnere en grovere laagjes - Weichselien,,,,,,,,,,,,,conceptscheme:quartaireeenheid,,,,,,,conceptscheme:quartaireeenheid
E08,be.vlaanderen.bodemenondergrond.data.id.concept.quartaireeenheid.E08,collectie:quartaireeenheid,E08,Silt (loess) - Weichselien,,,,,,,,,,,,,conceptscheme:quartaireeenheid,,,,,,,conceptscheme:quartaireeenheid
E09,be.vlaanderen.bodemenondergrond.data.id.concept.quartaireeenheid.E09,collectie:quartaireeenheid,E09,"Homogeen silt gevolgd door silt met intercalaties van kleiige, venige en/of zandige laagjes - Weichselien",,,,,,,,,,,,,conceptscheme:quartaireeenheid,,,,,,,conceptscheme:quartaireeenheid
E10,be.vlaanderen.bodemenondergrond.data.id.concept.quartaireeenheid.E10,collectie:quartaireeenheid,E10,Lichte zandleem tot silt - Weichselien,,,,,,,,,,,,,conceptscheme:quartaireeenheid,,,,,,,conceptscheme:quartaireeenheid
E11,be.vlaanderen.bodemenondergrond.data.id.concept.quartaireeenheid.E11,collectie:quartaireeenheid,E11,Zandig facies - Saalien en/of Weichselien,,,,,,,,,,,,,conceptscheme:quartaireeenheid,,,,,,,conceptscheme:quartaireeenheid
E12,be.vlaanderen.bodemenondergrond.data.id.concept.quartaireeenheid.E12,collectie:quartaireeenheid,E12,Homogene silt en silt met intercalaties van kleiige en zandige laagjes - Saalien en/of Weichselien,,,,,,,,,,,,,conceptscheme:quartaireeenheid,,,,,,,conceptscheme:quartaireeenheid
ES01,be.vlaanderen.bodemenondergrond.data.id.concept.quartaireeenheid.ES01,collectie:quartaireeenheid,ES01,Niet gedifferentieerd facies (zandig tot kleiig) - Holoceen,,,,,,,,,,,,,conceptscheme:quartaireeenheid,,,,,,,conceptscheme:quartaireeenheid
ES02,be.vlaanderen.bodemenondergrond.data.id.concept.quartaireeenheid.ES02,collectie:quartaireeenheid,ES02,Dominant zandige facies - Holoceen,,,,,,,,,,,,,conceptscheme:quartaireeenheid,,,,,,,conceptscheme:quartaireeenheid
ES03,be.vlaanderen.bodemenondergrond.data.id.concept.quartaireeenheid.ES03,collectie:quartaireeenheid,ES03,Dominant kleiig facies - Holoceen,,,,,,,,,,,,,conceptscheme:quartaireeenheid,,,,,,,conceptscheme:quartaireeenheid
ES04,be.vlaanderen.bodemenondergrond.data.id.concept.quartaireeenheid.ES04,collectie:quartaireeenheid,ES04,"Dominant zandig facies, mogelijks schelprijk - Eemien",,,,,,,,,,,,,conceptscheme:quartaireeenheid,,,,,,,conceptscheme:quartaireeenheid
ES05,be.vlaanderen.bodemenondergrond.data.id.concept.quartaireeenheid.ES05,collectie:quartaireeenheid,ES05,Zandig/ kleiig – silteus complex - Eemien,,,,,,,,,,,,,conceptscheme:quartaireeenheid,,,,,,,conceptscheme:quartaireeenheid
ES06,be.vlaanderen.bodemenondergrond.data.id.concept.quartaireeenheid.ES06,collectie:quartaireeenheid,ES06,"Niet gedifferentieerd facies, mogelijks veen - Eemien",,,,,,,,,,,,,conceptscheme:quartaireeenheid,,,,,,,conceptscheme:quartaireeenheid
ES07,be.vlaanderen.bodemenondergrond.data.id.concept.quartaireeenheid.ES07,collectie:quartaireeenheid,ES07,Zandig/kleiig complex - Midden-Pleistoceen,,,,,,,,,,,,,conceptscheme:quartaireeenheid,,,,,,,conceptscheme:quartaireeenheid
ES08,be.vlaanderen.bodemenondergrond.data.id.concept.quartaireeenheid.ES08,collectie:quartaireeenheid,ES08,"Kleiig/zandig complex - Vroeg-Pleistoceen  - Tertiair (1,2)",,,,,,,,,,,,,conceptscheme:quartaireeenheid,,,,,,,conceptscheme:quartaireeenheid
ES09,be.vlaanderen.bodemenondergrond.data.id.concept.quartaireeenheid.ES09,collectie:quartaireeenheid,ES09,Kleiig/zandig complex (Lid van Turnhout) - Vroeg- Pleistoceen – Tertiair (1),,,,,,,,,,,,,conceptscheme:quartaireeenheid,,,,,,,conceptscheme:quartaireeenheid
ES10,be.vlaanderen.bodemenondergrond.data.id.concept.quartaireeenheid.ES10,collectie:quartaireeenheid,ES10,Kleiig/zandig complex (Lid van Rijkevorsel) - Vroeg-Pleistoceen – Tertiair (1),,,,,,,,,,,,,conceptscheme:quartaireeenheid,,,,,,,conceptscheme:quartaireeenheid
ES11,be.vlaanderen.bodemenondergrond.data.id.concept.quartaireeenheid.ES11,collectie:quartaireeenheid,ES11,Dominant zandig complex - Vroeg-Pleistoceen –Tertiair (2),,,,,,,,,,,,,conceptscheme:quartaireeenheid,,,,,,,conceptscheme:quartaireeenheid
ES12,be.vlaanderen.bodemenondergrond.data.id.concept.quartaireeenheid.ES12,collectie:quartaireeenheid,ES12,Zandig complex - Vroeg-Pleistoceen –Tertiair (2),,,,,,,,,,,,,conceptscheme:quartaireeenheid,,,,,,,conceptscheme:quartaireeenheid
ES13,be.vlaanderen.bodemenondergrond.data.id.concept.quartaireeenheid.ES13,collectie:quartaireeenheid,ES13,Zandig complex - Plio-Pleistoceen,,,,,,,,,,,,,conceptscheme:quartaireeenheid,,,,,,,conceptscheme:quartaireeenheid
F01,be.vlaanderen.bodemenondergrond.data.id.concept.quartaireeenheid.F01,collectie:quartaireeenheid,F01,"Zandige facies, mogelijks vegetatieresten - Holoceen",,,,,,,,,,,,,conceptscheme:quartaireeenheid,,,,,,,conceptscheme:quartaireeenheid
F02,be.vlaanderen.bodemenondergrond.data.id.concept.quartaireeenheid.F02,collectie:quartaireeenheid,F02,Zandig facies op kleiig facies - Holoceen,,,,,,,,,,,,,conceptscheme:quartaireeenheid,,,,,,,conceptscheme:quartaireeenheid
F03,be.vlaanderen.bodemenondergrond.data.id.concept.quartaireeenheid.F03,collectie:quartaireeenheid,F03,Kleiig facies - Holoceen,,,,,,,,,,,,,conceptscheme:quartaireeenheid,,,,,,,conceptscheme:quartaireeenheid
F04,be.vlaanderen.bodemenondergrond.data.id.concept.quartaireeenheid.F04,collectie:quartaireeenheid,F04,Kleiig facies op zandig facies - Holoceen,,,,,,,,,,,,,conceptscheme:quartaireeenheid,,,,,,,conceptscheme:quartaireeenheid
F05,be.vlaanderen.bodemenondergrond.data.id.concept.quartaireeenheid.F05,collectie:quartaireeenheid,F05,"Kleiig tot grindrijk facies (Maas en Rijn, Leut) - Holoceen",,,,,,,,,,,,,conceptscheme:quartaireeenheid,,,,,,,conceptscheme:quartaireeenheid
F06,be.vlaanderen.bodemenondergrond.data.id.concept.quartaireeenheid.F06,collectie:quartaireeenheid,F06,Zandig facies - Tardiglaciaal tot Vroeg-Holoceen,,,,,,,,,,,,,conceptscheme:quartaireeenheid,,,,,,,conceptscheme:quartaireeenheid
F07,be.vlaanderen.bodemenondergrond.data.id.concept.quartaireeenheid.F07,collectie:quartaireeenheid,F07,Lemig zandfacies tot kleiig facies - Tardiglaciaal tot  Vroeg-Holoceen,,,,,,,,,,,,,conceptscheme:quartaireeenheid,,,,,,,conceptscheme:quartaireeenheid
F08,be.vlaanderen.bodemenondergrond.data.id.concept.quartaireeenheid.F08,collectie:quartaireeenheid,F08,Dominant zandig facies - Tardiglaciaal en/of Holoceen,,,,,,,,,,,,,conceptscheme:quartaireeenheid,,,,,,,conceptscheme:quartaireeenheid
F09,be.vlaanderen.bodemenondergrond.data.id.concept.quartaireeenheid.F09,collectie:quartaireeenheid,F09,Grind tot grindrijk zandig facies - Tardiglaciaal en/of Holoceen,,,,,,,,,,,,,conceptscheme:quartaireeenheid,,,,,,,conceptscheme:quartaireeenheid
F10,be.vlaanderen.bodemenondergrond.data.id.concept.quartaireeenheid.F10,collectie:quartaireeenheid,F10,"Silteus tot kleiig facies, veen en kalktuf mogelijks aanwezig - Tardiglaciaal en/of Holoceen",,,,,,,,,,,,,conceptscheme:quartaireeenheid,,,,,,,conceptscheme:quartaireeenheid
F11,be.vlaanderen.bodemenondergrond.data.id.concept.quartaireeenheid.F11,collectie:quartaireeenheid,F11,"Niet gedifferentieerd facies, veen en kalktuf mogelijks aanwezig - Tardiglaciaal en/of Holoceen",,,,,,,,,,,,,conceptscheme:quartaireeenheid,,,,,,,conceptscheme:quartaireeenheid
F12,be.vlaanderen.bodemenondergrond.data.id.concept.quartaireeenheid.F12,collectie:quartaireeenheid,F12,"Dominant grind, zand (Maas en Rijn, Geistingen) - Laat-Weichselien",,,,,,,,,,,,,conceptscheme:quartaireeenheid,,,,,,,conceptscheme:quartaireeenheid
F13,be.vlaanderen.bodemenondergrond.data.id.concept.quartaireeenheid.F13,collectie:quartaireeenheid,F13,Dominant zandig facies op dominant silteus facies - Weichselien,,,,,,,,,,,,,conceptscheme:quartaireeenheid,,,,,,,conceptscheme:quartaireeenheid
F14,be.vlaanderen.bodemenondergrond.data.id.concept.quartaireeenheid.F14,collectie:quartaireeenheid,F14,"Grind facies (Maas en Rijn, Mechelen a/d Maas) - Weichselien",,,,,,,,,,,,,conceptscheme:quartaireeenheid,,,,,,,conceptscheme:quartaireeenheid
F15,be.vlaanderen.bodemenondergrond.data.id.concept.quartaireeenheid.F15,collectie:quartaireeenheid,F15,Dominant zandig facies op dominant silteus facies op dominant zandig facies - Weichselien,,,,,,,,,,,,,conceptscheme:quartaireeenheid,,,,,,,conceptscheme:quartaireeenheid
F16,be.vlaanderen.bodemenondergrond.data.id.concept.quartaireeenheid.F16,collectie:quartaireeenheid,F16,Dominant zandig facies op dominant silteus facies op dominant zandig facies op dominant silteus facies - Weichselien,,,,,,,,,,,,,conceptscheme:quartaireeenheid,,,,,,,conceptscheme:quartaireeenheid
F17,be.vlaanderen.bodemenondergrond.data.id.concept.quartaireeenheid.F17,collectie:quartaireeenheid,F17,Dominant silteus facies - Weichselien,,,,,,,,,,,,,conceptscheme:quartaireeenheid,,,,,,,conceptscheme:quartaireeenheid
F18,be.vlaanderen.bodemenondergrond.data.id.concept.quartaireeenheid.F18,collectie:quartaireeenheid,F18,"Fining-up cyclus (cycli), mogelijks met veen - Weichselien",,,,,,,,,,,,,conceptscheme:quartaireeenheid,,,,,,,conceptscheme:quartaireeenheid
F19,be.vlaanderen.bodemenondergrond.data.id.concept.quartaireeenheid.F19,collectie:quartaireeenheid,F19,Niet gedifferentieerd fijn klastisch facies - Weichselien,,,,,,,,,,,,,conceptscheme:quartaireeenheid,,,,,,,conceptscheme:quartaireeenheid
F20,be.vlaanderen.bodemenondergrond.data.id.concept.quartaireeenheid.F20,collectie:quartaireeenheid,F20,Dominant silteus facies op dominant zandig facies - Weichselien,,,,,,,,,,,,,conceptscheme:quartaireeenheid,,,,,,,conceptscheme:quartaireeenheid
F21,be.vlaanderen.bodemenondergrond.data.id.concept.quartaireeenheid.F21,collectie:quartaireeenheid,F21,Dominant silteus facies op dominant zandig facies op dominant silteus facies - Weichselien,,,,,,,,,,,,,conceptscheme:quartaireeenheid,,,,,,,conceptscheme:quartaireeenheid
F22,be.vlaanderen.bodemenondergrond.data.id.concept.quartaireeenheid.F22,collectie:quartaireeenheid,F22,Dominant silteus facies op dominant zandig facies op dominant silteus facies op dominant zandig facies - Weichselien,,,,,,,,,,,,,conceptscheme:quartaireeenheid,,,,,,,conceptscheme:quartaireeenheid
F23,be.vlaanderen.bodemenondergrond.data.id.concept.quartaireeenheid.F23,collectie:quartaireeenheid,F23,Dominant zandig facies - Weichselien,,,,,,,,,,,,,conceptscheme:quartaireeenheid,,,,,,,conceptscheme:quartaireeenheid
F24,be.vlaanderen.bodemenondergrond.data.id.concept.quartaireeenheid.F24,collectie:quartaireeenheid,F24,Dominant silteus facies - Weichselien,,,,,,,,,,,,,conceptscheme:quartaireeenheid,,,,,,,conceptscheme:quartaireeenheid
F25,be.vlaanderen.bodemenondergrond.data.id.concept.quartaireeenheid.F25,collectie:quartaireeenheid,F25,Dominant zandig facies - Weichselien,,,,,,,,,,,,,conceptscheme:quartaireeenheid,,,,,,,conceptscheme:quartaireeenheid
F26,be.vlaanderen.bodemenondergrond.data.id.concept.quartaireeenheid.F26,collectie:quartaireeenheid,F26,Grindhoudend en grindrijk zand tot grind - Weichselien,,,,,,,,,,,,,conceptscheme:quartaireeenheid,,,,,,,conceptscheme:quartaireeenheid
F27,be.vlaanderen.bodemenondergrond.data.id.concept.quartaireeenheid.F27,collectie:quartaireeenheid,F27,Klei tot kleiig zand - Weichselien,,,,,,,,,,,,,conceptscheme:quartaireeenheid,,,,,,,conceptscheme:quartaireeenheid
F28,be.vlaanderen.bodemenondergrond.data.id.concept.quartaireeenheid.F28,collectie:quartaireeenheid,F28,Niet gedifferentieerd facies - Eemien en/of        Weichselien,,,,,,,,,,,,,conceptscheme:quartaireeenheid,,,,,,,conceptscheme:quartaireeenheid
F29,be.vlaanderen.bodemenondergrond.data.id.concept.quartaireeenheid.F29,collectie:quartaireeenheid,F29,"Silteus tot kleiig facies, mogelijks met veen - Eemien",,,,,,,,,,,,,conceptscheme:quartaireeenheid,,,,,,,conceptscheme:quartaireeenheid
F30,be.vlaanderen.bodemenondergrond.data.id.concept.quartaireeenheid.F30,collectie:quartaireeenheid,F30,"Fining – up cyclus, mogelijks met veen - Eemien",,,,,,,,,,,,,conceptscheme:quartaireeenheid,,,,,,,conceptscheme:quartaireeenheid
F31,be.vlaanderen.bodemenondergrond.data.id.concept.quartaireeenheid.F31,collectie:quartaireeenheid,F31,Zandig facies - Saalien,,,,,,,,,,,,,conceptscheme:quartaireeenheid,,,,,,,conceptscheme:quartaireeenheid
F32,be.vlaanderen.bodemenondergrond.data.id.concept.quartaireeenheid.F32,collectie:quartaireeenheid,F32,Niet gedifferentieerd facies - Saalien,,,,,,,,,,,,,conceptscheme:quartaireeenheid,,,,,,,conceptscheme:quartaireeenheid
F33,be.vlaanderen.bodemenondergrond.data.id.concept.quartaireeenheid.F33,collectie:quartaireeenheid,F33,"Grind (Maas en Rijn, Eisden-Lanklaar) - Saalien",,,,,,,,,,,,,conceptscheme:quartaireeenheid,,,,,,,conceptscheme:quartaireeenheid
F34,be.vlaanderen.bodemenondergrond.data.id.concept.quartaireeenheid.F34,collectie:quartaireeenheid,F34,"Grind facies (Maas en Rijn, Lanklaar) - Saalien tot en met Weichselien",,,,,,,,,,,,,conceptscheme:quartaireeenheid,,,,,,,conceptscheme:quartaireeenheid
F35,be.vlaanderen.bodemenondergrond.data.id.concept.quartaireeenheid.F35,collectie:quartaireeenheid,F35,Fining-up sequentie (Schelde) - Holsteinien,,,,,,,,,,,,,conceptscheme:quartaireeenheid,,,,,,,conceptscheme:quartaireeenheid
F36,be.vlaanderen.bodemenondergrond.data.id.concept.quartaireeenheid.F36,collectie:quartaireeenheid,F36,Grindrijk facies - Midden- en/of Laat-Pleistoceen,,,,,,,,,,,,,conceptscheme:quartaireeenheid,,,,,,,conceptscheme:quartaireeenheid
F37,be.vlaanderen.bodemenondergrond.data.id.concept.quartaireeenheid.F37,collectie:quartaireeenheid,F37,Dominant zandig facies - Midden- en/of Laat-Pleistoceen,,,,,,,,,,,,,conceptscheme:quartaireeenheid,,,,,,,conceptscheme:quartaireeenheid
F38,be.vlaanderen.bodemenondergrond.data.id.concept.quartaireeenheid.F38,collectie:quartaireeenheid,F38,Niet gedifferentieerd facies - Midden- en/of Laat-Pleistoceen,,,,,,,,,,,,,conceptscheme:quartaireeenheid,,,,,,,conceptscheme:quartaireeenheid
F39,be.vlaanderen.bodemenondergrond.data.id.concept.quartaireeenheid.F39,collectie:quartaireeenheid,F39,"Grind facies (Maas en Rijn, Zutendaal) - Midden-Pleistoceen",,,,,,,,,,,,,conceptscheme:quartaireeenheid,,,,,,,conceptscheme:quartaireeenheid
F40,be.vlaanderen.bodemenondergrond.data.id.concept.quartaireeenheid.F40,collectie:quartaireeenheid,F40,"Grind facies (Maas en Rijn, Mopertingen of Lanaken) - Midden-Pleistoceen",,,,,,,,,,,,,conceptscheme:quartaireeenheid,,,,,,,conceptscheme:quartaireeenheid
F41,be.vlaanderen.bodemenondergrond.data.id.concept.quartaireeenheid.F41,collectie:quartaireeenheid,F41,Zandig complex met venige-humeuze en kleiige-silteuze lagen - Vroeg-Pleistoceen,,,,,,,,,,,,,conceptscheme:quartaireeenheid,,,,,,,conceptscheme:quartaireeenheid
F42,be.vlaanderen.bodemenondergrond.data.id.concept.quartaireeenheid.F42,collectie:quartaireeenheid,F42,"Zand- en grindfacies (Maas en Rijn, Lommel) - Vroeg-Pleistoceen, post-Jaromillo",,,,,,,,,,,,,conceptscheme:quartaireeenheid,,,,,,,conceptscheme:quartaireeenheid
F43,be.vlaanderen.bodemenondergrond.data.id.concept.quartaireeenheid.F43,collectie:quartaireeenheid,F43,"Zand- en grindfacies (Maas en Rijn, Bocholt) - Vroeg-Pleistoceen, post-Jaromillo",,,,,,,,,,,,,conceptscheme:quartaireeenheid,,,,,,,conceptscheme:quartaireeenheid
F44,be.vlaanderen.bodemenondergrond.data.id.concept.quartaireeenheid.F44,collectie:quartaireeenheid,F44,"Zand- en grindfacies (Maas en Rijn, Winterslag) - Vroeg-Pleistoceen, post-Jaromillo",,,,,,,,,,,,,conceptscheme:quartaireeenheid,,,,,,,conceptscheme:quartaireeenheid
F45,be.vlaanderen.bodemenondergrond.data.id.concept.quartaireeenheid.F45,collectie:quartaireeenheid,F45,"Grindfacies (Maas en Rijn, Lixhe) - Vroeg-Pleistoceen, pré-Jaromillo",,,,,,,,,,,,,conceptscheme:quartaireeenheid,,,,,,,conceptscheme:quartaireeenheid
F46,be.vlaanderen.bodemenondergrond.data.id.concept.quartaireeenheid.F46,collectie:quartaireeenheid,F46,Dominant zandig facies met bodemhorizonten en veenlagen (Lid van Beerse) - Vroeg-Pleistoceen – Tertiair (1),,,,,,,,,,,,,conceptscheme:quartaireeenheid,,,,,,,conceptscheme:quartaireeenheid
F47,be.vlaanderen.bodemenondergrond.data.id.concept.quartaireeenheid.F47,collectie:quartaireeenheid,F47,Dominant zandig facies - Vroeg-Pleistoceen –Tertiair (2),,,,,,,,,,,,,conceptscheme:quartaireeenheid,,,,,,,conceptscheme:quartaireeenheid
F48,be.vlaanderen.bodemenondergrond.data.id.concept.quartaireeenheid.F48,collectie:quartaireeenheid,F48,"Grindfacies (Maas en Rijn, Simpelveld) - Vroeg-Pleistoceen –Tertiair (4)",,,,,,,,,,,,,conceptscheme:quartaireeenheid,,,,,,,conceptscheme:quartaireeenheid
F49,be.vlaanderen.bodemenondergrond.data.id.concept.quartaireeenheid.F49,collectie:quartaireeenheid,F49,Zandig facies tot grindfacies (Schelde) - Vroeg- en/of Midden-Pleistoceen – Tertiair (3),,,,,,,,,,,,,conceptscheme:quartaireeenheid,,,,,,,conceptscheme:quartaireeenheid
F50,be.vlaanderen.bodemenondergrond.data.id.concept.quartaireeenheid.F50,collectie:quartaireeenheid,F50,Herwerkte Rijn- en Maasafzettingen - Pleistoceen,,,,,,,,,,,,,conceptscheme:quartaireeenheid,,,,,,,conceptscheme:quartaireeenheid
F51,be.vlaanderen.bodemenondergrond.data.id.concept.quartaireeenheid.F51,collectie:quartaireeenheid,F51,"Zand, soms grind - Pleistoceen",,,,,,,,,,,,,conceptscheme:quartaireeenheid,,,,,,,conceptscheme:quartaireeenheid
F52,be.vlaanderen.bodemenondergrond.data.id.concept.quartaireeenheid.F52,collectie:quartaireeenheid,F52,Fijn zand tot klei - Pleistoceen,,,,,,,,,,,,,conceptscheme:quartaireeenheid,,,,,,,conceptscheme:quartaireeenheid
H01,be.vlaanderen.bodemenondergrond.data.id.concept.quartaireeenheid.H01,collectie:quartaireeenheid,H01,Zandig facies - Diachroon,,,,,,,,,,,,,conceptscheme:quartaireeenheid,,,,,,,conceptscheme:quartaireeenheid
H02,be.vlaanderen.bodemenondergrond.data.id.concept.quartaireeenheid.H02,collectie:quartaireeenheid,H02,Grindrijk facies - Diachroon,,,,,,,,,,,,,conceptscheme:quartaireeenheid,,,,,,,conceptscheme:quartaireeenheid
H03,be.vlaanderen.bodemenondergrond.data.id.concept.quartaireeenheid.H03,collectie:quartaireeenheid,H03,Niet gedifferentieerd grofkorrelig facies - Diachroon,,,,,,,,,,,,,conceptscheme:quartaireeenheid,,,,,,,conceptscheme:quartaireeenheid
H04,be.vlaanderen.bodemenondergrond.data.id.concept.quartaireeenheid.H04,collectie:quartaireeenheid,H04,Silteus tot kleiig facies - Diachroon,,,,,,,,,,,,,conceptscheme:quartaireeenheid,,,,,,,conceptscheme:quartaireeenheid
H05,be.vlaanderen.bodemenondergrond.data.id.concept.quartaireeenheid.H05,collectie:quartaireeenheid,H05,Niet gedifferentieerd facies - Diachroon,,,,,,,,,,,,,conceptscheme:quartaireeenheid,,,,,,,conceptscheme:quartaireeenheid
H06,be.vlaanderen.bodemenondergrond.data.id.concept.quartaireeenheid.H06,collectie:quartaireeenheid,H06,Silteus tot kleiig facies - Tardiglaciaal en/of Holoceen,,,,,,,,,,,,,conceptscheme:quartaireeenheid,,,,,,,conceptscheme:quartaireeenheid
H07,be.vlaanderen.bodemenondergrond.data.id.concept.quartaireeenheid.H07,collectie:quartaireeenheid,H07,Niet gedifferentieerd facies - Tardiglaciaal en/of Holoceen,,,,,,,,,,,,,conceptscheme:quartaireeenheid,,,,,,,conceptscheme:quartaireeenheid
H08,be.vlaanderen.bodemenondergrond.data.id.concept.quartaireeenheid.H08,collectie:quartaireeenheid,H08,"Silt met intercalaties van kleiige, venige en/of zandige laagjes - Weichselien",,,,,,,,,,,,,conceptscheme:quartaireeenheid,,,,,,,conceptscheme:quartaireeenheid
HW01,be.vlaanderen.bodemenondergrond.data.id.concept.quartaireeenheid.HW01,collectie:quartaireeenheid,HW01,Herwerkte Tertiaire afzettingen - Tertiair en/of Quartair,,,,,,,,,,,,,conceptscheme:quartaireeenheid,,,,,,,conceptscheme:quartaireeenheid
HW02,be.vlaanderen.bodemenondergrond.data.id.concept.quartaireeenheid.HW02,collectie:quartaireeenheid,HW02,Herwerkte afzettingen - /,,,,,,,,,,,,,conceptscheme:quartaireeenheid,,,,,,,conceptscheme:quartaireeenheid
M01,be.vlaanderen.bodemenondergrond.data.id.concept.quartaireeenheid.M01,collectie:quartaireeenheid,M01,"Klei en/of zand , geulopvulling over gehele sequentie - Laat-Holoceen",,,,,,,,,,,,,conceptscheme:quartaireeenheid,,,,,,,conceptscheme:quartaireeenheid
M02,be.vlaanderen.bodemenondergrond.data.id.concept.quartaireeenheid.M02,collectie:quartaireeenheid,M02,"Niet gedifferentieerd klastisch facies, veen, mogelijks kalkgyttja. - Holoceen",,,,,,,,,,,,,conceptscheme:quartaireeenheid,,,,,,,conceptscheme:quartaireeenheid
M03,be.vlaanderen.bodemenondergrond.data.id.concept.quartaireeenheid.M03,collectie:quartaireeenheid,M03,Klei en/of zand over de gehele sequentie zonder veenlagen - Holoceen,,,,,,,,,,,,,conceptscheme:quartaireeenheid,,,,,,,conceptscheme:quartaireeenheid
M04,be.vlaanderen.bodemenondergrond.data.id.concept.quartaireeenheid.M04,collectie:quartaireeenheid,M04,Klei en/of zand met aan de basis het basisveen - Holoceen,,,,,,,,,,,,,conceptscheme:quartaireeenheid,,,,,,,conceptscheme:quartaireeenheid
M05,be.vlaanderen.bodemenondergrond.data.id.concept.quartaireeenheid.M05,collectie:quartaireeenheid,M05,Klei en/of zand over de gehele sequentie met aan het huidige oppervlak een dunne veenlaag - Holoceen,,,,,,,,,,,,,conceptscheme:quartaireeenheid,,,,,,,conceptscheme:quartaireeenheid
M06,be.vlaanderen.bodemenondergrond.data.id.concept.quartaireeenheid.M06,collectie:quartaireeenheid,M06,Klei en/of zand over de gehele sequentie met aan het huidige oppervlak een dunne veenlaag en aan de basis het basisveen - Holoceen,,,,,,,,,,,,,conceptscheme:quartaireeenheid,,,,,,,conceptscheme:quartaireeenheid
M07,be.vlaanderen.bodemenondergrond.data.id.concept.quartaireeenheid.M07,collectie:quartaireeenheid,M07,Klei en/of zand met intercalaties van één of meerdere verlandingsvenen en aan de basis het basisveen - Holoceen,,,,,,,,,,,,,conceptscheme:quartaireeenheid,,,,,,,conceptscheme:quartaireeenheid
M08,be.vlaanderen.bodemenondergrond.data.id.concept.quartaireeenheid.M08,collectie:quartaireeenheid,M08,Afwisseling van klei en/of zand met een dunne veenlaag aan het oppervlak en aan de basis het basisveen - Holoceen,,,,,,,,,,,,,conceptscheme:quartaireeenheid,,,,,,,conceptscheme:quartaireeenheid
M09,be.vlaanderen.bodemenondergrond.data.id.concept.quartaireeenheid.M09,collectie:quartaireeenheid,M09,Veen en/of organisch gyttja over de gehele sequentie met aan de top een klei- of zandlaag waarvan de dikte kleiner is dan de dikte van de veenlaag - Holoceen,,,,,,,,,,,,,conceptscheme:quartaireeenheid,,,,,,,conceptscheme:quartaireeenheid
M10,be.vlaanderen.bodemenondergrond.data.id.concept.quartaireeenheid.M10,collectie:quartaireeenheid,M10,Klei en/of zand met intercalaties van één of meerdere verlandingsvenen en aan de basis het basisveen. Mogelijks veen aan het oppervlak - Holoceen,,,,,,,,,,,,,conceptscheme:quartaireeenheid,,,,,,,conceptscheme:quartaireeenheid
M11,be.vlaanderen.bodemenondergrond.data.id.concept.quartaireeenheid.M11,collectie:quartaireeenheid,M11,Klei en/of zand met intercalaties van één of meerdere verlandingsvenen - Holoceen,,,,,,,,,,,,,conceptscheme:quartaireeenheid,,,,,,,conceptscheme:quartaireeenheid
M12,be.vlaanderen.bodemenondergrond.data.id.concept.quartaireeenheid.M12,collectie:quartaireeenheid,M12,Dominant zandig facies - Holoceen,,,,,,,,,,,,,conceptscheme:quartaireeenheid,,,,,,,conceptscheme:quartaireeenheid
M13,be.vlaanderen.bodemenondergrond.data.id.concept.quartaireeenheid.M13,collectie:quartaireeenheid,M13,Dominant kleiig facies - Holoceen,,,,,,,,,,,,,conceptscheme:quartaireeenheid,,,,,,,conceptscheme:quartaireeenheid
M14,be.vlaanderen.bodemenondergrond.data.id.concept.quartaireeenheid.M14,collectie:quartaireeenheid,M14,Dominant kleiig facies - Eemien,,,,,,,,,,,,,conceptscheme:quartaireeenheid,,,,,,,conceptscheme:quartaireeenheid
ON01,be.vlaanderen.bodemenondergrond.data.id.concept.quartaireeenheid.ON01,collectie:quartaireeenheid,ON01,Onbekend - /,,,,,,,,,,,,,conceptscheme:quartaireeenheid,,,,,,,conceptscheme:quartaireeenheid
T01,be.vlaanderen.bodemenondergrond.data.id.concept.quartaireeenheid.T01,collectie:quartaireeenheid,T01,Ondiep Tertiair substraat - Quartair  en Tertiair,,,,,,,,,,,,,conceptscheme:quartaireeenheid,,,,,,,conceptscheme:quartaireeenheid
T02,be.vlaanderen.bodemenondergrond.data.id.concept.quartaireeenheid.T02,collectie:quartaireeenheid,T02,Pré-Quartaire sedimenten - /,,,,,,,,,,,,,conceptscheme:quartaireeenheid,,,,,,,conceptscheme:quartaireeenheid
V01,be.vlaanderen.bodemenondergrond.data.id.concept.quartaireeenheid.V01,collectie:quartaireeenheid,V01,Venig complex - Tardiglaciaal en/of Holoceen,,,,,,,,,,,,,conceptscheme:quartaireeenheid,,,,,,,conceptscheme:quartaireeenheid
V02,be.vlaanderen.bodemenondergrond.data.id.concept.quartaireeenheid.V02,collectie:quartaireeenheid,V02,Veen op kleiig facies - Tardiglaciaal en/of Holoceen,,,,,,,,,,,,,conceptscheme:quartaireeenheid,,,,,,,conceptscheme:quartaireeenheid
V03,be.vlaanderen.bodemenondergrond.data.id.concept.quartaireeenheid.V03,collectie:quartaireeenheid,V03,Veen op zandig facies - Tardiglaciaal en/of Holoceen,,,,,,,,,,,,,conceptscheme:quartaireeenheid,,,,,,,conceptscheme:quartaireeenheid
V04,be.vlaanderen.bodemenondergrond.data.id.concept.quartaireeenheid.V04,collectie:quartaireeenheid,V04,"Veen, kalktuf al dan niet met klastisch materiaal - Tardiglaciaal en/of Holoceen",,,,,,,,,,,,,conceptscheme:quartaireeenheid,,,,,,,conceptscheme:quartaireeenheid
V05,be.vlaanderen.bodemenondergrond.data.id.concept.quartaireeenheid.V05,collectie:quartaireeenheid,V05,Venig facies (veen al dan niet met klastische sedimenten) - Tardiglaciaal en/of Holoceen,,,,,,,,,,,,,conceptscheme:quartaireeenheid,,,,,,,conceptscheme:quartaireeenheid
V06,be.vlaanderen.bodemenondergrond.data.id.concept.quartaireeenheid.V06,collectie:quartaireeenheid,V06,Venig complex - Weichselien,,,,,,,,,,,,,conceptscheme:quartaireeenheid,,,,,,,conceptscheme:quartaireeenheid
